L2_strength,Train_Loss,Train_Reg_Loss,Test_Loss,Test_Accuracy
0.0000,0.009980488,0.009980488,0.106987055,97.700000000
0.0002,0.046738190,0.239886823,0.086527434,97.260000000
0.0004,0.072951518,0.320133306,0.097133151,97.180000000
0.0006,0.094183391,0.391977665,0.106100237,96.880000000
0.0008,0.111655776,0.456193691,0.103001687,97.220000000
0.0010,0.128128897,0.508436453,0.128995650,96.630000000
0.0012,0.141829909,0.562717824,0.161535804,95.740000000
0.0014,0.153334674,0.604322448,0.159827636,95.690000000
0.0016,0.168348228,0.648246128,0.155713587,96.100000000
0.0018,0.181786840,0.691958026,0.166979772,95.800000000
0.0020,0.192911795,0.736249015,0.171961462,95.810000000
0.0022,0.205806255,0.772622747,0.186767187,95.260000000
0.0024,0.214376089,0.799073306,0.244424922,93.020000000
0.0026,0.229186498,0.832683013,0.214696827,94.660000000
0.0028,0.237742153,0.866533004,0.218571519,94.350000000
0.0030,0.248628803,0.898902515,0.267140736,93.460000000
0.0032,0.260725138,0.922670743,0.236515913,94.050000000
0.0034,0.273048528,0.955645428,0.255107778,93.500000000
0.0036,0.281578971,0.979789347,0.262941900,93.410000000
0.0038,0.290952240,1.005440839,0.265856654,93.140000000
0.0040,0.299255522,1.029222990,0.286725326,92.360000000
0.0042,0.310659237,1.058511355,0.288577023,92.940000000
0.0044,0.316619409,1.076409900,0.298863678,92.700000000
0.0046,0.326407646,1.102055904,0.319488274,91.670000000
0.0048,0.333839054,1.126462711,0.325543227,91.960000000
0.0050,0.340152281,1.145500868,0.338470125,91.450000000
0.0052,0.349462158,1.171740326,0.326724609,92.210000000
0.0054,0.357942795,1.196814042,0.367374382,90.200000000
0.0056,0.364930810,1.209409631,0.355292425,91.360000000
0.0058,0.374096264,1.246150637,0.362823224,91.030000000
0.0060,0.381464334,1.256775125,0.356426245,91.470000000
0.0062,0.387269233,1.278627366,0.380898418,90.120000000
0.0064,0.395589733,1.305399499,0.373286074,90.620000000
0.0066,0.401176863,1.309610225,0.384397132,90.690000000
0.0068,0.408202256,1.337125669,0.385963182,90.860000000
0.0070,0.414718396,1.366943554,0.387977766,90.740000000
0.0072,0.422108201,1.378998704,0.405891632,90.110000000
0.0074,0.427943158,1.399474204,0.421458139,89.550000000
0.0076,0.434467578,1.419723224,0.419662766,89.130000000
0.0078,0.440241009,1.421139272,0.422653180,90.390000000
0.0080,0.447784175,1.444092403,0.431741311,89.500000000
0.0082,0.454292560,1.458048021,0.433799605,89.270000000
0.0084,0.459351675,1.475813262,0.441199516,89.380000000
0.0086,0.467126454,1.504637797,0.478934987,87.600000000
0.0088,0.478383563,1.525127087,0.456588720,88.760000000
0.0090,0.483809822,1.518016952,0.463403713,89.090000000
0.0092,0.488479513,1.543501895,0.498952071,86.840000000
0.0094,0.494362501,1.546641482,0.482928689,88.460000000
0.0096,0.497826339,1.574496310,0.482274847,88.830000000
0.0098,0.505113136,1.603099837,0.493458032,87.610000000
0.0100,0.509158471,1.611887735,0.522899176,86.430000000
0.0102,0.512522418,1.611646736,0.503174624,87.750000000
0.0104,0.517014413,1.640484506,0.503462279,88.320000000
0.0106,0.521860388,1.656341012,0.500989851,88.340000000
0.0108,0.526605966,1.666599063,0.514445248,88.560000000
0.0110,0.531429407,1.676719393,0.505879801,88.810000000
0.0112,0.537614687,1.688197560,0.517481618,88.400000000
0.0114,0.544150712,1.718348190,0.525912872,87.510000000
0.0116,0.548342339,1.729128210,0.519254262,88.410000000
0.0118,0.555587985,1.731959993,0.532639961,87.900000000
0.0120,0.571072075,1.743850151,0.540525469,87.550000000
0.0122,0.576401949,1.746942580,0.578938036,85.440000000
0.0124,0.581556584,1.760377467,0.552470462,86.730000000
0.0126,0.586401677,1.793630525,0.547272306,87.270000000
0.0128,0.587834637,1.791423504,0.568563238,86.070000000
0.0130,0.589809697,1.796856206,0.576330052,86.700000000
0.0132,0.597720960,1.829287748,0.569478324,86.990000000
0.0134,0.600309282,1.838519295,0.570718213,86.060000000
0.0136,0.603739439,1.840229936,0.610574091,84.960000000
0.0138,0.606995596,1.869085677,0.577174329,86.770000000
0.0140,0.612363516,1.853462149,0.598738865,86.110000000
0.0142,0.617287271,1.878826920,0.603211130,85.990000000
0.0144,0.620302909,1.903134586,0.602453248,86.270000000
0.0146,0.625165679,1.925673110,0.598164180,86.030000000
0.0148,0.628854111,1.933891129,0.591358521,87.400000000
0.0150,0.631314743,1.949606369,0.594933324,86.740000000
0.0152,0.634874630,1.960503493,0.610606488,86.470000000
0.0154,0.639247714,1.966724260,0.616828989,85.700000000
0.0156,0.643419131,1.989331411,0.615428043,86.020000000
0.0158,0.650099658,2.021195311,0.620767225,86.360000000
0.0160,0.654252303,2.016967147,0.650081865,84.600000000
0.0162,0.655320474,2.011134604,0.636885821,86.300000000
0.0164,0.660657403,2.034336828,0.636966794,85.910000000
0.0166,0.665967418,2.053183693,0.628882818,86.270000000
0.0168,0.666555279,2.060077545,0.646315522,85.140000000
0.0170,0.671781159,2.061279931,0.677451510,83.790000000
0.0172,0.674337152,2.085543533,0.638256893,85.790000000
0.0174,0.679719991,2.099111663,0.653342066,85.730000000
0.0176,0.681838756,2.107158788,0.661190068,85.390000000
0.0178,0.685827736,2.112626912,0.679377296,85.360000000
0.0180,0.690281274,2.132086877,0.675868053,84.900000000
0.0182,0.693917851,2.138167943,0.675062823,85.850000000
0.0184,0.699418551,2.148532821,0.682601736,85.000000000
0.0186,0.703440313,2.163347320,0.692312510,85.120000000
0.0188,0.709900889,2.187145829,0.684997827,85.690000000
0.0190,0.711523852,2.201794315,0.668445482,85.910000000
0.0192,0.714790838,2.196227899,0.678427798,86.070000000
0.0194,0.719272846,2.213579930,0.684670638,84.990000000
0.0196,0.722034475,2.214578991,0.711589386,84.670000000
0.0198,0.729789440,2.230758659,0.703427739,84.750000000
0.0200,0.731039821,2.238260279,0.703500315,85.240000000
0.0202,0.735779435,2.240188583,0.720489152,84.210000000
0.0204,0.738858333,2.259959325,0.710549057,85.920000000
0.0206,0.744108502,2.298336476,0.713845527,84.210000000
0.0208,0.749743590,2.305782494,0.712664662,84.710000000
0.0210,0.753079095,2.287994012,0.735326055,82.760000000
0.0212,0.756331974,2.293905354,0.733702560,85.520000000
0.0214,0.761623197,2.315903995,0.736556624,84.680000000
0.0216,0.767578941,2.329012639,0.758390830,83.310000000
0.0218,0.773461293,2.356168203,0.736780366,84.630000000
0.0220,0.777567063,2.356580338,0.749883324,85.250000000
0.0222,0.780234096,2.346663331,0.754730155,83.890000000
0.0224,0.784404541,2.374589722,0.758915875,82.950000000
0.0226,0.787705330,2.360821167,0.766402865,83.760000000
0.0228,0.793001770,2.380654074,0.766810012,84.660000000
0.0230,0.798420362,2.386294935,0.766048505,84.990000000
0.0232,0.803934393,2.402037945,0.801621129,80.900000000
0.0234,0.806795360,2.401285985,0.787505049,83.460000000
0.0236,0.810479201,2.412555708,0.788887494,82.620000000
0.0238,0.818966793,2.440229940,0.795494614,80.690000000
0.0240,0.820807549,2.430098259,0.822318758,77.710000000
0.0242,0.829838519,2.446816968,0.809559050,82.250000000
0.0244,0.831370324,2.450965747,0.824263036,82.920000000
0.0246,0.839662922,2.462618231,0.834772338,80.940000000
0.0248,0.842648000,2.475631466,0.821172091,81.810000000
0.0250,0.857251067,2.465165229,0.828196218,80.370000000
0.0252,0.896797876,2.405535307,0.872035930,79.090000000
0.0254,0.896301092,2.409018447,0.879736481,79.260000000
0.0256,0.902533718,2.430630007,0.884954301,78.380000000
0.0258,0.904966822,2.443869346,0.880335296,78.050000000
0.0260,0.907195593,2.447066977,0.897014137,78.010000000
0.0262,0.911444643,2.451657614,0.881920887,77.750000000
0.0264,0.915009885,2.446736789,0.888719076,78.620000000
0.0266,0.919017856,2.466981104,0.896813429,79.030000000
0.0268,0.922506546,2.481713379,0.892636876,79.900000000
0.0270,0.926800617,2.471386341,0.912704123,80.030000000
0.0272,0.929238467,2.497566598,0.897498383,78.770000000
0.0274,0.933717219,2.494362034,0.907448010,80.160000000
0.0276,0.939160006,2.505036863,0.934902427,76.010000000
0.0278,0.941460996,2.515448078,0.907924575,79.300000000
0.0280,0.944875505,2.510932817,0.947343442,76.200000000
0.0282,0.948403298,2.518074783,0.924792667,77.550000000
0.0284,0.953159797,2.552170237,0.933646714,76.220000000
0.0286,0.957644036,2.527376808,0.941547823,77.480000000
0.0288,0.961932531,2.544623400,0.941662764,77.690000000
0.0290,0.963039083,2.542025605,0.948974489,77.570000000
0.0292,0.967358512,2.563729810,0.940319521,77.560000000
0.0294,0.970464197,2.559770591,0.959516466,76.680000000
0.0296,0.974948267,2.577594663,0.991875179,76.300000000
0.0298,0.978280776,2.568219748,0.960850631,76.260000000
0.0300,0.982118656,2.611530277,0.946532971,79.360000000
0.0302,0.986933620,2.597729277,0.953625014,77.940000000
0.0304,0.988259061,2.583889127,0.966267186,78.890000000
0.0306,0.993314239,2.647687789,0.947352569,77.460000000
0.0308,0.995683609,2.624722379,1.000584249,76.020000000
0.0310,1.000731846,2.612794403,0.972427511,78.500000000
0.0312,1.006220293,2.640024770,0.975690129,77.390000000
0.0314,1.007685204,2.658354327,1.004224303,72.020000000
0.0316,1.012807469,2.678012493,0.994019570,74.360000000
0.0318,1.016944014,2.658549868,1.018227286,72.420000000
0.0320,1.017663438,2.639051133,1.010115390,77.720000000
0.0322,1.024249716,2.672035804,1.003080589,74.890000000
0.0324,1.026726554,2.679741816,0.983146319,78.340000000
0.0326,1.031751320,2.672499431,1.007651525,78.310000000
0.0328,1.036302179,2.681966581,1.016092691,78.710000000
0.0330,1.040050242,2.693588114,1.011550248,77.260000000
0.0332,1.041563239,2.670927481,1.026661477,75.940000000
0.0334,1.049835851,2.688513413,1.037478567,75.860000000
0.0336,1.051051215,2.727740485,1.014920852,76.110000000
0.0338,1.055733310,2.704788279,1.034130421,77.060000000
0.0340,1.061883127,2.715858537,1.058867297,71.000000000
0.0342,1.064256007,2.737002399,1.044696080,73.650000000
0.0344,1.065450955,2.732102374,1.042316707,75.700000000
0.0346,1.072994651,2.732952696,1.037011066,76.320000000
0.0348,1.075579116,2.727609234,1.075818681,74.760000000
0.0350,1.079527198,2.747022239,1.065962630,71.540000000
0.0352,1.084729271,2.738631639,1.053418025,76.370000000
0.0354,1.088571347,2.755515895,1.061645564,75.860000000
0.0356,1.090076728,2.737527486,1.075600353,77.350000000
0.0358,1.097526422,2.749782923,1.088992899,73.140000000
0.0360,1.100499558,2.727185426,1.105112764,74.950000000
0.0362,1.107705759,2.754749693,1.092945957,76.290000000
0.0364,1.111619731,2.804201679,1.086660603,69.430000000
0.0366,1.114767876,2.788672808,1.095728000,74.300000000
0.0368,1.122750653,2.786058459,1.109265820,71.370000000
0.0370,1.126175316,2.783586720,1.121394376,76.010000000
0.0372,1.134235249,2.803339609,1.106926140,75.160000000
0.0374,1.136836746,2.814907223,1.113197096,74.730000000
0.0376,1.221931799,2.675958297,1.239173041,62.280000000
0.0378,1.222864558,2.692713601,1.196818509,65.690000000
0.0380,1.223732278,2.707214478,1.206547097,61.720000000
0.0382,1.228926199,2.707752355,1.205093688,63.450000000
0.0384,1.231913433,2.714646148,1.210283104,63.930000000
0.0386,1.233307731,2.699927942,1.236655248,61.020000000
0.0388,1.238270755,2.720584123,1.234640235,62.740000000
0.0390,1.239059651,2.709874734,1.222444634,64.390000000
0.0392,1.242090768,2.747844857,1.246791007,61.140000000
0.0394,1.246865966,2.695990854,1.243262071,65.410000000
0.0396,1.250821426,2.714894654,1.236711876,65.800000000
0.0398,1.254324058,2.728086430,1.226896574,66.190000000
0.0400,1.257234435,2.717813964,1.240903568,67.860000000
0.0402,1.261531194,2.748488316,1.232545031,63.110000000
0.0404,1.261005188,2.724514699,1.275821379,60.260000000
0.0406,1.265477785,2.762283894,1.271946124,63.350000000
0.0408,1.270514287,2.764377250,1.249852859,64.680000000
0.0410,1.271916913,2.747469601,1.248180887,65.670000000
0.0412,1.273804465,2.752894272,1.250209739,66.440000000
0.0414,1.276404705,2.786244436,1.254966681,63.000000000
0.0416,1.279640295,2.787635217,1.249620574,63.480000000
0.0418,1.284656779,2.787595469,1.265395458,62.830000000
0.0420,1.285597051,2.788195340,1.253292814,61.640000000
0.0422,1.287968547,2.761092948,1.281421653,62.430000000
0.0424,1.292541071,2.801084464,1.267912261,64.030000000
0.0426,1.293854427,2.780383397,1.311971857,63.090000000
0.0428,1.297331781,2.763134309,1.298134569,67.050000000
0.0430,1.302201228,2.795136839,1.293695720,63.670000000
0.0432,1.303627855,2.815240092,1.275697951,64.160000000
0.0434,1.306350596,2.799735319,1.300415308,63.240000000
0.0436,1.310618604,2.797720992,1.305744383,58.910000000
0.0438,1.314317814,2.817423025,1.291283972,61.790000000
0.0440,1.317764256,2.780829549,1.325174042,60.690000000
0.0442,1.320995972,2.816140420,1.294720985,64.680000000
0.0444,1.324935230,2.828990989,1.308924233,59.600000000
0.0446,1.328571655,2.825746003,1.314479700,61.780000000
0.0448,1.330520898,2.865326611,1.302311931,60.700000000
0.0450,1.333795860,2.835540741,1.317437921,62.430000000
0.0452,1.335706607,2.809067736,1.353072888,61.890000000
0.0454,1.339759062,2.855340135,1.306130528,61.730000000
0.0456,1.342736274,2.828433933,1.330241500,63.100000000
0.0458,1.345836250,2.816473929,1.350631918,61.030000000
0.0460,1.350045830,2.862800499,1.344901456,58.400000000
0.0462,1.352811423,2.840179697,1.340736250,62.440000000
0.0464,1.356661443,2.816673204,1.374065542,63.990000000
0.0466,1.361328887,2.864839461,1.360050985,61.240000000
0.0468,1.363431598,2.850866223,1.359544158,60.900000000
0.0470,1.364576038,2.851265872,1.362343412,62.500000000
0.0472,1.370605554,2.882949233,1.348478168,63.210000000
0.0474,1.372117609,2.858574766,1.357500912,63.760000000
0.0476,1.374860598,2.862538819,1.375106976,61.570000000
0.0478,1.381140454,2.916805896,1.354737601,59.410000000
0.0480,1.384236449,2.885631072,1.359985448,62.200000000
0.0482,1.388331988,2.895816480,1.366537717,62.400000000
0.0484,1.390552745,2.897639815,1.383328059,57.540000000
0.0486,1.391748954,2.908316029,1.373826953,61.130000000
0.0488,1.396140239,2.899802526,1.370822772,64.870000000
0.0490,1.398694160,2.894197453,1.398951096,57.520000000
0.0492,1.401772694,2.870837897,1.389970937,63.190000000
0.0494,1.404593318,2.872942192,1.396214268,63.360000000
0.0496,1.411395044,2.889414838,1.391696866,65.990000000
0.0498,1.412180758,2.943555454,1.375729964,59.870000000
0.0500,1.419153636,2.914607566,1.381838288,64.890000000
0.0502,1.420540221,2.906386705,1.396207902,62.160000000
0.0504,1.422823762,2.905679148,1.409841099,60.360000000
0.0506,1.427353379,2.895046389,1.427032780,63.330000000
0.0508,1.433053073,2.888936882,1.431194093,61.930000000
0.0510,1.433130741,2.923985715,1.401902383,60.570000000
0.0512,1.439196000,2.916164457,1.435349850,60.060000000
0.0514,1.441370952,2.873848212,1.446918154,62.870000000
0.0516,1.446595968,2.915907858,1.432082778,60.640000000
0.0518,1.447795624,2.898248779,1.436560722,58.570000000
0.0520,1.453661094,2.922412147,1.436540133,63.380000000
0.0522,1.461010605,2.935193752,1.440206115,59.500000000
0.0524,1.461414521,2.902500174,1.463446717,58.980000000
0.0526,1.464033433,2.891345481,1.475376393,55.910000000
0.0528,1.469163625,2.929454714,1.458482735,59.670000000
0.0530,1.469977841,2.921241429,1.462548450,61.820000000
0.0532,1.475956788,2.942192595,1.448541844,62.460000000
0.0534,1.476609965,2.969550471,1.457778385,57.690000000
0.0536,1.485167917,2.959457035,1.451747089,61.190000000
0.0538,1.487057190,2.967853017,1.453067535,62.900000000
0.0540,1.490454165,2.950341273,1.482407912,59.510000000
0.0542,1.495862440,2.939498577,1.481353886,57.740000000
0.0544,1.499293345,2.988687375,1.463802617,58.390000000
0.0546,1.499667700,2.933299065,1.500045407,59.280000000
0.0548,1.502787503,2.936678574,1.491205720,63.110000000
0.0550,1.507983624,2.957459818,1.495891325,58.260000000
0.0552,1.512216126,2.952913300,1.498867677,55.740000000
0.0554,1.516888070,2.925830231,1.538062423,59.030000000
0.0556,1.519425157,2.946446930,1.519847711,59.110000000
0.0558,1.526992609,2.952969715,1.505778017,55.570000000
0.0560,1.529541072,2.961859462,1.517320053,55.730000000
0.0562,1.534019299,2.946413150,1.523902147,60.180000000
0.0564,1.538463180,2.967476321,1.511038684,58.430000000
0.0566,1.541319392,2.930835315,1.542653572,57.840000000
0.0568,1.549484923,2.931592075,1.539399404,60.160000000
0.0570,1.553071616,2.939623948,1.549147190,53.880000000
0.0572,1.555902911,2.951088774,1.558770360,53.130000000
0.0574,1.560957256,2.966790206,1.530640824,58.990000000
0.0576,1.564890834,2.938588564,1.551165493,59.560000000
0.0578,1.575105611,2.939615808,1.569355904,58.910000000
0.0580,1.582815425,2.970979350,1.544484423,55.980000000
0.0582,1.586961327,2.966420371,1.585166876,51.920000000
0.0584,1.584216897,2.971026645,1.559509905,61.230000000
0.0586,1.595334506,2.956135107,1.592897023,51.010000000
0.0588,1.603657967,2.940895900,1.588105824,54.840000000
0.0590,1.623873837,2.932939713,1.598961964,59.190000000
0.0592,1.734972186,2.768773730,1.725308416,38.170000000
0.0594,1.730466679,2.781733541,1.716728141,36.910000000
0.0596,1.732862589,2.745757704,1.730282112,44.250000000
0.0598,1.736916039,2.797776922,1.710822236,39.730000000
0.0600,1.739169120,2.766875914,1.729268082,38.150000000
0.0602,1.740773798,2.747443028,1.745033003,41.610000000
0.0604,1.744949273,2.812919561,1.709162067,36.810000000
0.0606,1.745505205,2.821219817,1.702138144,39.960000000
0.0608,1.749169799,2.794118078,1.734023188,37.990000000
0.0610,1.750714677,2.805374017,1.717963528,38.700000000
0.0612,1.752227677,2.804271819,1.748153780,37.570000000
0.0614,1.755692040,2.768289984,1.763959746,38.070000000
0.0616,1.759857288,2.806320021,1.722447158,38.300000000
0.0618,1.762183973,2.819685269,1.727795300,38.060000000
0.0620,1.762829181,2.795215130,1.746009669,38.010000000
0.0622,1.770295802,2.801683316,1.750571423,37.830000000
0.0624,1.769882089,2.819178945,1.736426090,38.460000000
0.0626,1.771667529,2.797419528,1.749950133,37.870000000
0.0628,1.773468471,2.818646214,1.747619057,35.890000000
0.0630,1.777093656,2.791349941,1.756651074,38.890000000
0.0632,1.776032157,2.816439832,1.752227700,39.150000000
0.0634,1.780761948,2.780103831,1.776268879,38.240000000
0.0636,1.782400469,2.780851372,1.779151799,38.340000000
0.0638,1.786063546,2.807428912,1.765990748,38.720000000
0.0640,1.789484235,2.812661664,1.779445206,37.980000000
0.0642,1.790476064,2.778120036,1.791627445,41.000000000
0.0644,1.793251233,2.832075015,1.768660863,36.510000000
0.0646,1.794992945,2.786044252,1.784087450,36.730000000
0.0648,1.798729192,2.780871125,1.790193953,36.940000000
0.0650,1.802745569,2.805474537,1.792310308,37.670000000
0.0652,1.802815091,2.809338288,1.791149096,41.080000000
0.0654,1.808767371,2.794641298,1.786999125,38.150000000
0.0656,1.813545561,2.819405575,1.782451469,39.180000000
0.0658,1.813060277,2.796485936,1.806795580,35.800000000
0.0660,1.814126350,2.775684332,1.806351557,40.590000000
0.0662,1.817765020,2.778750280,1.814838461,38.560000000
0.0664,1.821067898,2.786610586,1.817734718,39.090000000
0.0666,1.823222794,2.776137220,1.828331754,38.590000000
0.0668,1.829436769,2.809389079,1.816578673,37.170000000
0.0670,1.827446752,2.768652487,1.833365502,36.250000000
0.0672,1.830321936,2.791101416,1.817990050,35.830000000
0.0674,1.838038093,2.824218693,1.809323618,37.790000000
0.0676,1.837559642,2.804508424,1.825804748,38.890000000
0.0678,1.842967047,2.780959359,1.839203577,36.810000000
0.0680,1.846169359,2.814911451,1.815147207,37.980000000
0.0682,1.850702751,2.794400972,1.833767227,42.960000000
0.0684,1.852107059,2.818250080,1.828217954,37.740000000
0.0686,1.855715985,2.806968280,1.864241080,37.900000000
0.0688,1.857472823,2.772600364,1.855729020,35.800000000
0.0690,1.861326622,2.785630875,1.861143412,37.230000000
0.0692,1.861797786,2.788759074,1.848278297,37.670000000
0.0694,1.866618531,2.794259647,1.860859818,39.490000000
0.0696,1.868382112,2.748223841,1.879544666,39.820000000
0.0698,1.876087729,2.816097443,1.857234444,37.330000000
0.0700,1.879231383,2.801170308,1.869845940,37.640000000
0.0702,1.881257459,2.779429777,1.883206573,38.090000000
0.0704,1.882051884,2.844194102,1.834979918,34.150000000
0.0706,1.884365914,2.780920187,1.879074224,39.240000000
0.0708,1.889624318,2.768674173,1.878722053,37.310000000
0.0710,1.893700319,2.777475205,1.886458102,36.710000000
0.0712,1.896274835,2.780300512,1.901406448,36.980000000
0.0714,1.899499977,2.767819772,1.888482678,38.880000000
0.0716,1.907095410,2.791842227,1.896989826,35.540000000
0.0718,1.918348476,2.771601792,1.902392414,40.630000000
0.0720,1.915499088,2.812502911,1.889529621,31.890000000
0.0722,1.916222238,2.804972044,1.885153091,35.030000000
0.0724,1.923110652,2.805157477,1.896194379,38.430000000
0.0726,1.928452799,2.775587764,1.917019577,35.970000000
0.0728,1.929718100,2.736977009,1.932972541,37.120000000
0.0730,1.933667857,2.794596277,1.927875814,37.620000000
0.0732,1.938442240,2.775354357,1.919362916,37.750000000
0.0734,1.944634224,2.769756467,1.931177268,35.550000000
0.0736,1.946270319,2.718231614,1.958726973,39.680000000
0.0738,1.956672246,2.773768991,1.933698602,37.300000000
0.0740,1.981863896,2.740066648,1.974730454,34.290000000
0.0742,2.022102818,2.570112859,2.022037921,26.800000000
0.0744,2.022029724,2.620583619,2.006439551,26.600000000
0.0746,2.027642921,2.604649493,2.014764683,26.940000000
0.0748,2.029916123,2.610998200,2.039805956,21.110000000
0.0750,2.029081853,2.593886515,2.029390380,23.840000000
0.0752,2.031608090,2.624155017,2.012330666,24.820000000
0.0754,2.031377376,2.619903988,2.014389758,27.730000000
0.0756,2.032904435,2.607650945,2.020660504,21.860000000
0.0758,2.034868500,2.584845653,2.031134923,24.880000000
0.0760,2.039658351,2.611246806,2.025783536,23.160000000
0.0762,2.037378052,2.591507710,2.034429774,32.010000000
0.0764,2.043084987,2.535870510,2.064022779,24.460000000
0.0766,2.045120405,2.570781272,2.055355980,22.450000000
0.0768,2.045508169,2.590957973,2.040900145,23.860000000
0.0770,2.047831484,2.609329532,2.031881360,24.640000000
0.0772,2.052345948,2.578142291,2.046976610,26.870000000
0.0774,2.048537519,2.605845295,2.057205810,20.830000000
0.0776,2.052143897,2.608378938,2.035113136,22.210000000
0.0778,2.051560902,2.630474745,2.030862159,21.660000000
0.0780,2.057559641,2.605581208,2.044498539,22.090000000
0.0782,2.055099982,2.609325598,2.042270200,23.000000000
0.0784,2.060307142,2.626902054,2.033125998,25.070000000
0.0786,2.058597230,2.564835393,2.073468182,20.620000000
0.0788,2.064554843,2.629090520,2.041906565,27.400000000
0.0790,2.061836840,2.609144995,2.076016441,20.060000000
0.0792,2.067262006,2.612201445,2.044339625,24.660000000
0.0794,2.065708011,2.615967300,2.055706544,19.010000000
0.0796,2.069408465,2.568057894,2.076346839,22.850000000
0.0798,2.071638707,2.573312364,2.075691980,23.290000000
0.0800,2.076210909,2.612343378,2.058690837,23.310000000
0.0802,2.077235979,2.591504437,2.066800537,23.800000000
0.0804,2.077415938,2.623007828,2.058403121,27.660000000
0.0806,2.076520616,2.579308828,2.082298387,23.520000000
0.0808,2.081759253,2.569700323,2.099013162,21.260000000
0.0810,2.084792193,2.600033430,2.081315766,23.580000000
0.0812,2.089709724,2.571381980,2.090479575,25.580000000
0.0814,2.088449102,2.607462173,2.066529899,26.920000000
0.0816,2.093909778,2.570986389,2.091476267,23.550000000
0.0818,2.096483400,2.591539813,2.082226661,20.560000000
0.0820,2.095162477,2.608380208,2.081374690,22.750000000
0.0822,2.095979332,2.555404205,2.095809520,23.590000000
0.0824,2.100025743,2.589215627,2.085343558,21.730000000
0.0826,2.103075113,2.539681876,2.120722203,23.370000000
0.0828,2.106622282,2.580717301,2.096053609,21.880000000
0.0830,2.107492279,2.512637129,2.135886182,22.850000000
0.0832,2.111173447,2.609939624,2.091568793,22.550000000
0.0834,2.121717827,2.572795770,2.122285945,24.830000000
0.0836,2.114558588,2.535930729,2.138534471,18.740000000
0.0838,2.119089696,2.586013229,2.100989404,22.300000000
0.0840,2.129842578,2.545834022,2.125995329,25.200000000
0.0842,2.130824165,2.567727256,2.119046201,20.610000000
0.0844,2.134259466,2.556386198,2.131548728,23.020000000
0.0846,2.157211079,2.555611650,2.145315892,20.490000000
0.0848,2.162594045,2.546589420,2.157168502,21.040000000
0.0850,2.309161093,2.309291078,2.303145855,11.350000000
0.0852,2.309442404,2.309569491,2.304792791,9.740000000
0.0854,2.309208066,2.310111800,2.306836329,10.100000000
0.0856,2.309425571,2.310314797,2.314346748,10.090000000
0.0858,2.309598504,2.311373367,2.308227603,9.800000000
0.0860,2.310003979,2.310522660,2.306900685,11.350000000
0.0862,2.309402904,2.311019632,2.310028747,10.090000000
0.0864,2.309432013,2.310163113,2.307815801,11.350000000
0.0866,2.309575453,2.310317858,2.304514463,9.740000000
0.0868,2.309718020,2.310730723,2.308666313,9.580000000
0.0870,2.309369277,2.312428469,2.314945358,9.580000000
0.0872,2.309137621,2.310534691,2.309307542,10.090000000
0.0874,2.309875970,2.312999449,2.310319357,9.740000000
0.0876,2.309788169,2.310600841,2.313214782,10.320000000
0.0878,2.309415929,2.310440431,2.316202882,10.090000000
0.0880,2.309138123,2.310541488,2.313090314,9.820000000
0.0882,2.309187680,2.309800797,2.303636999,11.350000000
0.0884,2.309471798,2.311211381,2.310923997,9.580000000
0.0886,2.308994717,2.309463940,2.306053970,11.350000000
0.0888,2.309980414,2.313653035,2.311486047,11.350000000
0.0890,2.309590935,2.309810376,2.305104178,10.320000000
0.0892,2.309356519,2.310597649,2.306606862,11.350000000
0.0894,2.309300924,2.309899819,2.312213589,9.820000000
0.0896,2.309361656,2.309910498,2.309484259,10.100000000
0.0898,2.309685376,2.311168351,2.312602728,9.800000000
0.0900,2.309175185,2.310213688,2.314415349,11.350000000
0.0902,2.309738489,2.310213857,2.305836037,10.280000000
0.0904,2.310056743,2.310796095,2.307557278,11.350000000
0.0906,2.310215050,2.311041175,2.305233283,11.350000000
0.0908,2.310042807,2.310871674,2.312582324,11.350000000
0.0910,2.309243718,2.309534139,2.305138447,10.090000000
0.0912,2.309748214,2.310428378,2.307484823,10.320000000
0.0914,2.308956233,2.311189715,2.313364905,10.100000000
0.0916,2.309831066,2.312467844,2.308222944,9.820000000
0.0918,2.309864341,2.310715602,2.309769591,10.320000000
0.0920,2.309253749,2.309697517,2.309670802,8.920000000
0.0922,2.310276048,2.311426792,2.309433043,10.280000000
0.0924,2.308689160,2.309694914,2.311984384,11.350000000
0.0926,2.309510413,2.310031057,2.305359256,11.350000000
0.0928,2.309572091,2.311359440,2.312689256,10.100000000
0.0930,2.310428174,2.310927906,2.308030909,10.320000000
0.0932,2.309678616,2.312753665,2.307390857,11.350000000
0.0934,2.310106188,2.310621748,2.305959246,11.350000000
0.0936,2.309247657,2.314657687,2.315668800,10.320000000
0.0938,2.309940794,2.310524810,2.309531476,9.800000000
0.0940,2.310184532,2.310655849,2.305169815,10.280000000
0.0942,2.309236490,2.309484524,2.306407294,10.280000000
0.0944,2.309337811,2.309689753,2.306084053,10.320000000
0.0946,2.310067342,2.310484009,2.306880066,9.800000000
0.0948,2.309559185,2.310036270,2.308479484,9.800000000
0.0950,2.309421656,2.310688185,2.311231000,10.100000000
0.0952,2.310563297,2.313841575,2.308317894,11.350000000
0.0954,2.309712803,2.310056496,2.304245182,11.350000000
0.0956,2.309762007,2.310671684,2.312206888,8.920000000
0.0958,2.309599784,2.310664704,2.314135636,10.280000000
0.0960,2.310029735,2.311052776,2.316868996,10.280000000
0.0962,2.309746064,2.313421459,2.306234430,10.280000000
0.0964,2.309340659,2.310251682,2.308519286,10.320000000
0.0966,2.309323875,2.313115184,2.311129506,11.350000000
0.0968,2.309408013,2.310073443,2.309261885,11.350000000
0.0970,2.308987989,2.309724247,2.307519044,10.100000000
0.0972,2.309914127,2.311074215,2.306387979,9.580000000
0.0974,2.309548843,2.310572172,2.313699318,11.350000000
0.0976,2.309866540,2.310586122,2.313284499,9.580000000
0.0978,2.310079829,2.311940598,2.315605665,10.280000000
0.0980,2.310194666,2.318289559,2.309439188,10.100000000
0.0982,2.309401667,2.310177098,2.307429127,10.100000000
0.0984,2.308902752,2.309389528,2.307721032,10.100000000
0.0986,2.309166112,2.309842607,2.314482929,9.800000000
0.0988,2.309226116,2.309683557,2.306207370,9.580000000
0.0990,2.310500722,2.311222968,2.308913910,10.100000000
0.0992,2.309608974,2.310378668,2.306294265,9.740000000
0.0994,2.309427103,2.310606702,2.316772100,8.920000000
0.0996,2.308743238,2.309105587,2.305395769,11.350000000
0.0998,2.309397586,2.310661631,2.307488168,11.350000000
0.1000,2.309874337,2.310063997,2.303693162,10.320000000
