,L2_strength,Train_Loss,Train_Reg_Loss,Test_Loss,Test_Accuracy,Class_0_Accuracy,Class_1_Accuracy,Class_2_Accuracy,Class_3_Accuracy,Class_4_Accuracy,Class_5_Accuracy,Class_6_Accuracy,Class_7_Accuracy,Class_8_Accuracy,Class_9_Accuracy,r0
0,0.0,0.009980488,0.009980488,0.106987055,97.7,98.469387755,98.942731278,97.480620155,97.02970297,97.963340122,97.533632287,98.121085595,97.276264591,97.94661191,96.134786918,89.93096160888672
1,0.0002,0.048429777,0.240832413,0.082583682,97.36,99.081632653,98.414096916,98.546511628,96.435643564,97.148676171,94.730941704,96.764091858,96.011673152,98.049281314,98.017839445,31.076398849487305
2,0.0004,0.073983491,0.321437739,0.075622073,97.83,98.367346939,99.383259912,97.965116279,97.722772277,98.472505092,96.30044843,98.85177453,96.984435798,96.714579055,97.224975223,24.858675003051758
3,0.0006,0.093410776,0.389630124,0.106363357,97.05,97.653061224,99.295154185,98.546511628,97.425742574,98.676171079,95.067264574,95.720250522,97.470817121,94.969199179,95.044598612,22.278324127197266
4,0.0008,0.110053118,0.451577654,0.110298467,96.93,99.081632653,99.030837004,96.124031008,97.128712871,98.370672098,94.394618834,97.077244259,97.568093385,93.839835729,96.134786918,20.75263214111328
5,0.001,0.125630957,0.507804877,0.118470477,96.81,98.87755102,98.678414097,94.864341085,97.425742574,95.926680244,96.860986547,96.137787056,96.692607004,96.509240246,95.936570862,19.501476287841797
6,0.0012,0.140488878,0.559210545,0.130046041,96.44,98.571428571,99.030837004,96.414728682,95.940594059,95.112016293,94.394618834,97.286012526,93.968871595,97.330595483,95.936570862,18.72804832458496
7,0.0014,0.155200412,0.604941867,0.150202872,96.06,99.081632653,98.502202643,95.833333333,95.346534653,96.945010183,92.376681614,97.807933194,94.844357977,94.558521561,94.747274529,17.94809341430664
8,0.0016,0.168853722,0.65261339,0.154347122,95.84,98.87755102,98.502202643,93.701550388,96.03960396,97.861507128,93.497757848,94.676409186,95.719844358,95.995893224,93.062438057,17.31865882873535
9,0.0018,0.182351885,0.69247517,0.178838371,95.07,96.734693878,98.149779736,93.023255814,92.079207921,96.537678208,96.97309417,97.181628392,93.287937743,94.455852156,92.368681863,16.8353328704834
10,0.002,0.191904195,0.730666219,0.191221259,94.7,97.244897959,98.854625551,89.534883721,92.673267327,96.843177189,95.852017937,96.659707724,91.439688716,94.558521561,93.359762141,16.482358932495117
11,0.0022,0.203764732,0.765438905,0.186267866,95.44,98.775510204,98.061674009,94.670542636,96.831683168,94.50101833,94.506726457,95.511482255,94.844357977,92.197125257,94.053518335,16.05129051208496
12,0.0024,0.215628687,0.799323438,0.220818612,94.23,97.653061224,97.621145374,96.414728682,92.475247525,96.232179226,91.928251121,97.39039666,93.968871595,91.786447639,86.32309217,15.608455657958984
13,0.0026,0.225961358,0.833755276,0.208398891,95.11,98.367346939,98.678414097,94.864341085,95.148514851,92.566191446,92.152466368,95.929018789,94.747081712,95.379876797,92.566897919,15.235280990600586
14,0.0028,0.236198164,0.859742048,0.226853166,93.98,98.979591837,97.709251101,94.186046512,93.663366337,96.435845214,88.004484305,93.006263048,91.926070039,92.813141684,92.07135778,14.985596656799316
15,0.003,0.249483363,0.894777705,0.242590069,93.71,98.163265306,98.942731278,90.600775194,93.564356436,95.112016293,88.789237668,96.972860125,97.178988327,87.577002053,89.098116947,14.722691535949707
16,0.0032,0.260724746,0.924937735,0.255035344,93.37,97.244897959,98.502202643,90.891472868,97.227722772,93.177189409,87.668161435,92.275574113,90.953307393,93.942505133,90.683845391,14.38255500793457
17,0.0034,0.271686917,0.944090042,0.260931967,93.18,97.959183673,98.59030837,93.604651163,93.366336634,96.33401222,83.968609865,95.720250522,90.564202335,90.143737166,90.089197225,14.169107437133789
18,0.0036,0.282806263,0.979915754,0.257025196,93.76,98.469387755,98.502202643,93.313953488,92.97029703,89.714867617,89.013452915,95.824634656,91.439688716,93.223819302,94.152626363,13.926498413085938
19,0.0038,0.290938275,0.997740247,0.282993447,92.95,98.06122449,98.502202643,87.790697674,96.930693069,93.279022403,87.892376682,91.858037578,92.315175097,90.041067762,91.674925669,13.712163925170898
20,0.004,0.299796774,1.038039328,0.284599464,92.51,96.734693878,99.118942731,93.023255814,88.316831683,91.344195519,87.107623318,96.972860125,92.607003891,87.679671458,90.882061447,13.508955955505371
21,0.0042,0.309432793,1.055357625,0.307305543,91.91,98.265306122,97.444933921,87.403100775,90.792079208,95.315682281,90.246636771,92.48434238,94.844357977,85.215605749,86.32309217,13.343913078308105
22,0.0044,0.319669916,1.082055988,0.303113064,92.19,97.857142857,98.237885463,86.627906977,86.831683168,90.936863544,90.470852018,91.127348643,93.287937743,93.018480493,92.765113974,13.140754699707031
23,0.0046,0.327038704,1.110691829,0.329846456,90.96,97.346938776,99.030837004,93.217054264,90.198019802,94.399185336,84.529147982,95.615866388,83.365758755,89.117043121,81.565906838,12.985344886779785
24,0.0048,0.333695869,1.126187105,0.316327807,91.77,97.346938776,97.621145374,88.759689922,85.940594059,95.621181263,92.600896861,94.885177453,91.147859922,88.19301848,85.332011893,12.850292205810547
25,0.005,0.345295073,1.154898955,0.332905723,91.55,98.775510204,95.242290749,92.054263566,88.316831683,86.6598778,85.201793722,94.154488518,88.521400778,90.862422998,94.747274529,12.691325187683105
26,0.0052,0.350040547,1.168166871,0.337027226,91.36,97.244897959,97.973568282,87.403100775,86.435643564,96.945010183,83.183856502,94.780793319,93.190661479,87.371663244,87.710604559,12.57498550415039
27,0.0054,0.359236586,1.19891063,0.333065449,91.78,97.755102041,96.651982379,88.178294574,90.099009901,93.279022403,88.228699552,93.319415449,93.190661479,86.550308008,89.692765114,12.463804244995117
28,0.0056,0.365187885,1.208406758,0.346554745,91.54,97.857142857,97.356828194,86.724806202,88.415841584,90.427698574,91.367713004,91.022964509,89.20233463,89.425051335,93.062438057,12.280050277709961
29,0.0058,0.373628784,1.232601651,0.355486251,91.34,97.551020408,96.740088106,91.279069767,86.732673267,94.50101833,82.286995516,94.572025052,92.217898833,90.965092402,85.232903865,12.261908531188965
30,0.006,0.380376093,1.254801569,0.388765184,89.61,96.836734694,97.092511013,84.205426357,77.821782178,95.315682281,81.950672646,92.275574113,89.494163424,92.197125257,87.809712587,12.078293800354004
31,0.0062,0.386474081,1.287196828,0.363094736,90.98,94.693877551,97.885462555,88.372093023,87.227722772,93.890020367,81.278026906,94.363256785,88.715953307,91.683778234,90.188305253,11.9902982711792
32,0.0064,0.392390219,1.290879574,0.382078991,90.86,98.979591837,97.092511013,88.468992248,88.910891089,89.918533605,84.080717489,93.841336117,93.871595331,85.01026694,87.016848365,11.922987937927246
33,0.0066,0.400242232,1.32286213,0.368055943,91.17,97.244897959,96.916299559,87.30620155,90.693069307,90.32586558,85.762331839,91.544885177,91.828793774,86.344969199,92.467789891,11.73206901550293
34,0.0068,0.411025498,1.335916599,0.395201152,90.55,98.979591837,97.885462555,88.372093023,93.168316832,93.177189409,79.372197309,89.979123173,91.342412451,81.724845996,89.296333003,11.687874794006348
35,0.007,0.41458293,1.352489576,0.394679662,90.25,97.653061224,95.330396476,88.081395349,86.435643564,90.733197556,84.080717489,93.215031315,87.159533074,88.809034908,90.089197225,11.66327953338623
36,0.0072,0.421451819,1.387976343,0.408265102,90.01,98.469387755,96.387665198,90.600775194,86.930693069,90.122199593,76.457399103,90.709812109,93.093385214,86.447638604,88.602576809,11.528282165527344
37,0.0074,0.428517517,1.396003043,0.415061942,90.07,97.244897959,97.092511013,90.794573643,81.881188119,93.788187373,84.977578475,91.33611691,87.548638132,90.349075975,84.638255699,11.458094596862793
38,0.0076,0.434098534,1.410468919,0.433518099,89.82,97.040816327,95.066079295,85.755813953,82.277227723,92.057026477,84.865470852,91.440501044,85.408560311,94.455852156,89.296333003,11.385908126831055
39,0.0078,0.441594744,1.438983146,0.431857465,88.8,97.653061224,98.766519824,91.375968992,88.316831683,94.602851324,77.914798206,92.48434238,86.673151751,74.640657084,83.151635282,11.214101791381836
40,0.008,0.448014959,1.452455815,0.426919156,89.57,96.93877551,98.502202643,87.015503876,83.861386139,93.99185336,86.547085202,91.962421712,86.478599222,83.572895277,85.728444004,11.159675598144531
41,0.0082,0.454361775,1.471246295,0.429921252,89.98,97.755102041,97.533039648,86.627906977,88.316831683,90.936863544,77.35426009,89.352818372,92.898832685,85.934291581,90.782953419,11.06386661529541
42,0.0084,0.457693222,1.490269015,0.449698477,88.96,96.12244898,97.004405286,83.624031008,84.158415842,95.010183299,87.668161435,88.935281837,91.926070039,77.104722793,86.917740337,11.000332832336426
43,0.0086,0.467421709,1.503454534,0.445668044,88.94,96.428571429,98.678414097,86.821705426,82.871287129,93.584521385,80.717488789,93.528183716,93.871595331,78.439425051,82.457879088,10.983660697937012
44,0.0088,0.474865847,1.513415231,0.468911363,88.0,95.612244898,98.414096916,79.166666667,79.00990099,92.66802444,79.484304933,92.901878914,90.46692607,85.523613963,85.133795837,10.906328201293945
45,0.009,0.481179229,1.525582702,0.47077742,89.24,96.326530612,97.268722467,84.689922481,85.544554455,85.845213849,85.650224215,91.858037578,89.105058366,88.39835729,86.620416254,10.719685554504395
46,0.0092,0.489617418,1.541541032,0.488375647,88.01,95.816326531,98.414096916,78.875968992,85.148514851,91.038696538,86.771300448,90.501043841,90.369649805,80.082135524,81.962338949,10.708699226379395
47,0.0094,0.492935649,1.543557338,0.487968252,87.64,96.12244898,98.149779736,83.430232558,85.148514851,95.926680244,79.708520179,92.48434238,91.536964981,80.698151951,71.456888008,10.5803804397583
48,0.0096,0.499007632,1.582008804,0.461835514,89.16,97.653061224,98.061674009,84.302325581,86.138613861,87.780040733,79.372197309,93.110647182,92.217898833,85.112936345,85.926660059,10.590238571166992
49,0.0098,0.505239215,1.604170835,0.478877739,89.26,97.755102041,96.387665198,87.403100775,87.623762376,90.224032587,76.905829596,92.901878914,92.80155642,81.314168378,87.115956392,10.584868431091309
50,0.01,0.507242909,1.610398579,0.48395673,88.66,96.224489796,97.004405286,81.298449612,89.306930693,93.788187373,77.242152466,91.231732777,91.245136187,85.318275154,82.061446977,10.50109577178955
51,0.0102,0.513636723,1.62067485,0.50557784,87.91,96.93877551,98.502202643,89.728682171,89.900990099,87.678207739,70.739910314,92.693110647,92.412451362,78.850102669,78.39444995,10.38061809539795
52,0.0104,0.517083656,1.629234687,0.497885624,88.89,97.346938776,96.299559471,82.073643411,84.158415842,91.344195519,85.650224215,91.440501044,87.256809339,85.112936345,87.413280476,10.393555641174316
53,0.0106,0.520892806,1.65747965,0.492082604,88.71,96.632653061,96.651982379,87.69379845,80.99009901,93.890020367,78.3632287,93.63256785,85.505836576,87.166324435,85.03468781,10.345353126525879
54,0.0108,0.527114324,1.67392029,0.501417467,88.46,96.224489796,97.268722467,84.011627907,86.138613861,89.918533605,70.852017937,91.33611691,89.007782101,86.344969199,90.782953419,10.273979187011719
55,0.011,0.532051223,1.68937699,0.534425328,88.16,94.591836735,94.889867841,82.364341085,89.00990099,85.947046843,83.632286996,88.622129436,86.770428016,87.577002053,87.115956392,10.203781127929688
56,0.0112,0.535008633,1.702964358,0.51317516,88.62,95.306122449,97.533039648,85.465116279,89.00990099,85.132382892,78.02690583,92.797494781,85.019455253,88.19301848,87.809712587,10.135605812072754
57,0.0114,0.54379443,1.730987466,0.538342209,86.76,95.612244898,98.854625551,87.984496124,89.900990099,85.845213849,66.591928251,93.423799582,92.80155642,75.564681725,77.205153617,10.148885726928711
58,0.0116,0.54655304,1.744583769,0.516640893,88.13,95.306122449,97.533039648,86.240310078,84.653465347,90.733197556,73.094170404,93.110647182,92.704280156,79.979466119,85.232903865,10.089183807373047
59,0.0118,0.550534629,1.736997207,0.53535211,87.56,95.408163265,97.621145374,84.496124031,85.148514851,94.297352342,72.869955157,94.989561587,84.727626459,88.295687885,75.718533201,9.984612464904785
60,0.012,0.557404661,1.751033507,0.54517761,87.74,96.428571429,96.387665198,87.112403101,75.544554455,88.085539715,74.887892377,94.050104384,86.86770428,87.577002053,88.503468781,9.885916709899902
61,0.0122,0.568212193,1.78014842,0.56875959,86.34,98.06122449,98.325991189,87.30620155,87.821782178,93.788187373,61.098654709,92.379958246,91.050583658,73.511293634,75.916749257,9.795195579528809
62,0.0124,0.579950987,1.76316237,0.554233354,87.11,94.387755102,98.502202643,81.782945736,86.831683168,87.780040733,74.887892377,92.901878914,91.634241245,76.899383984,82.854311199,9.750190734863281
63,0.0126,0.587084914,1.785172341,0.56908325,85.95,95.918367347,97.092511013,83.236434109,76.633663366,76.374745418,75.784753363,92.379958246,80.544747082,87.371663244,92.170465808,9.788348197937012
64,0.0128,0.590752274,1.799780399,0.581842672,86.26,98.367346939,97.356828194,87.30620155,87.425742574,80.549898167,63.452914798,89.770354906,93.190661479,73.716632444,87.21506442,9.696931838989258
65,0.013,0.594668022,1.815489242,0.605328005,84.74,95.510204082,98.237885463,88.565891473,87.623762376,80.448065173,64.686098655,90.605427975,92.023346304,63.039014374,82.160555005,9.635858535766602
66,0.0132,0.59877495,1.812866884,0.584478056,86.62,96.530612245,96.916299559,85.755813953,87.128712871,78.309572301,70.739910314,91.440501044,80.350194553,86.858316222,89.494549058,9.659220695495605
67,0.0134,0.600178284,1.832182188,0.61215818,84.88,96.93877551,98.325991189,74.709302326,75.445544554,86.252545825,81.838565022,89.352818372,87.548638132,66.940451745,89.593657086,9.612689971923828
68,0.0136,0.603944811,1.854783623,0.585693264,86.74,96.224489796,96.651982379,85.658914729,91.683168317,87.881873727,68.946188341,89.144050104,85.60311284,81.006160164,81.565906838,9.535116195678711
69,0.0138,0.610560028,1.874588417,0.593392725,85.2,95.816326531,96.916299559,83.527131783,80.0,95.621181263,71.412556054,90.605427975,82.879377432,81.211498973,71.754212091,9.563258171081543
70,0.014,0.613579502,1.889912372,0.587915819,86.54,96.734693878,97.797356828,88.565891473,76.831683168,88.187372709,67.488789238,93.841336117,82.392996109,84.291581109,86.32309217,9.415404319763184
71,0.0142,0.616328913,1.899328468,0.575497383,87.14,96.632653061,97.621145374,86.434108527,76.534653465,93.380855397,80.269058296,91.544885177,89.494163424,82.443531828,75.421209118,9.425543785095215
72,0.0144,0.621920571,1.918884292,0.583695045,86.61,97.040816327,98.766519824,83.430232558,82.871287129,92.057026477,77.242152466,90.292275574,88.813229572,75.770020534,77.502477701,9.43850326538086
73,0.0146,0.626604179,1.921021408,0.588124516,87.1,96.530612245,97.621145374,86.240310078,78.415841584,85.437881874,80.156950673,92.275574113,86.770428016,79.055441478,86.620416254,9.437990188598633
74,0.0148,0.628284338,1.937748416,0.601003282,85.45,94.795918367,98.237885463,77.034883721,86.435643564,83.50305499,69.394618834,92.275574113,86.770428016,75.770020534,87.21506442,9.390312194824219
75,0.015,0.633600986,1.943999278,0.605750866,86.64,97.040816327,98.237885463,84.88372093,80.99009901,90.122199593,73.766816143,90.814196242,85.992217899,76.796714579,85.133795837,9.374751091003418
76,0.0152,0.635956328,1.959474944,0.612557703,85.81,97.755102041,98.678414097,86.821705426,85.544554455,91.649694501,69.730941704,89.979123173,92.80155642,69.507186858,72.150644202,9.338768005371094
77,0.0154,0.640556097,1.968147198,0.635459492,85.65,97.244897959,97.797356828,73.740310078,86.336633663,93.482688391,80.493273543,79.958246347,91.634241245,75.359342916,78.39444995,9.284385681152344
78,0.0156,0.643828361,1.976796778,0.648795909,84.59,96.428571429,97.004405286,83.527131783,90.099009901,68.126272912,69.506726457,76.722338205,90.272373541,82.648870637,87.611496531,9.288504600524902
79,0.0158,0.647651506,1.994045314,0.642917721,84.61,96.734693878,98.942731278,79.263565891,83.267326733,90.529531568,83.520179372,89.248434238,84.630350195,68.275154004,70.069375619,9.315485954284668
80,0.016,0.651537887,2.025717208,0.618542332,86.47,95.408163265,97.621145374,84.786821705,85.940594059,82.892057026,72.98206278,95.511482255,82.684824903,76.078028747,88.206144698,9.228736877441406
81,0.0162,0.655904813,2.007417178,0.635512478,85.06,96.326530612,98.766519824,82.65503876,84.257425743,94.195519348,68.273542601,93.319415449,87.159533074,74.640657084,67.988107037,9.148343086242676
82,0.0164,0.659760256,2.019219558,0.638063617,85.99,94.693877551,98.59030837,83.042635659,82.475247525,81.873727088,65.807174888,95.09394572,83.657587549,83.572895277,87.809712587,9.152097702026367
83,0.0166,0.665933998,2.061731051,0.634963922,85.39,95.408163265,98.237885463,78.972868217,77.326732673,91.446028513,69.506726457,95.302713987,87.062256809,82.546201232,75.619425173,9.141515731811523
84,0.0168,0.669225555,2.05735324,0.653291996,85.18,97.551020408,95.77092511,84.399224806,77.425742574,69.246435845,72.869955157,91.649269311,88.035019455,80.492813142,91.674925669,9.107556343078613
85,0.017,0.66986406,2.072269638,0.65266504,86.35,98.163265306,97.18061674,81.395348837,81.98019802,82.484725051,79.820627803,91.753653445,85.894941634,81.211498973,81.962338949,9.040749549865723
86,0.0172,0.676426584,2.080650715,0.667163867,85.2,95.612244898,96.035242291,76.550387597,79.702970297,75.152749491,76.793721973,92.379958246,82.879377432,86.755646817,88.503468781,9.05797290802002
87,0.0174,0.681025586,2.094953473,0.656515066,85.56,93.673469388,98.766519824,86.240310078,77.722772277,91.140529532,77.242152466,92.379958246,85.408560311,76.796714579,74.033696729,9.031846046447754
88,0.0176,0.682330359,2.117605847,0.662626816,83.22,96.428571429,98.678414097,84.108527132,80.198019802,95.417515275,70.179372197,90.292275574,90.564202335,71.868583162,51.53617443,8.999114036560059
89,0.0178,0.687130245,2.105512473,0.673985193,85.09,97.755102041,98.766519824,75.678294574,84.851485149,89.103869654,76.905829596,91.127348643,90.46692607,65.400410678,78.39444995,8.953065872192383
90,0.018,0.68978731,2.121283068,0.669323205,84.79,96.530612245,98.502202643,82.170542636,82.772277228,89.613034623,62.443946188,93.736951983,77.723735409,81.416837782,79.682854311,8.949867248535156
91,0.0182,0.696734496,2.143624915,0.679169544,84.76,97.653061224,98.061674009,80.910852713,79.504950495,75.356415479,78.587443946,93.528183716,87.645914397,73.203285421,80.971258672,8.908100128173828
92,0.0184,0.700653159,2.152199808,0.687315664,85.0,98.367346939,98.149779736,85.271317829,82.376237624,87.678207739,66.031390135,91.649269311,90.272373541,68.377823409,78.097125867,8.874466896057129
93,0.0186,0.70292455,2.145932168,0.685712994,85.15,95.102040816,98.854625551,84.980620155,80.792079208,93.177189409,79.147982063,91.858037578,88.13229572,64.476386037,72.646184341,8.859435081481934
94,0.0188,0.706883759,2.179926984,0.677241575,86.09,97.040816327,98.061674009,82.364341085,84.752475248,93.075356415,75.33632287,90.187891441,91.147859922,71.663244353,74.727452924,8.864354133605957
95,0.019,0.710429125,2.198426203,0.678801055,85.07,98.06122449,99.030837004,83.430232558,87.524752475,85.641547862,59.977578475,91.022964509,87.743190661,74.332648871,79.583746283,8.856368064880371
96,0.0192,0.716031258,2.196361922,0.692705863,85.24,96.326530612,98.854625551,81.007751938,76.831683168,90.427698574,79.708520179,91.858037578,79.571984436,72.895277207,83.151635282,8.783977508544922
97,0.0194,0.720636428,2.218356923,0.725851065,82.66,90.306122449,98.678414097,86.337209302,79.801980198,90.733197556,41.479820628,95.929018789,82.392996109,79.979466119,75.123885035,8.77645206451416
98,0.0196,0.722146186,2.200246708,0.705352355,85.2,96.530612245,97.885462555,76.162790698,79.00990099,86.965376782,78.811659193,93.736951983,86.673151751,80.390143737,74.331020813,8.726409912109375
99,0.0198,0.728228266,2.236339999,0.716635442,83.68,95.918367347,99.030837004,84.980620155,82.97029703,83.604887984,72.197309417,91.649269311,83.171206226,73.100616016,67.294350842,8.70668888092041
100,0.02,0.734087082,2.233412643,0.727499832,84.07,97.551020408,96.828193833,80.813953488,70.99009901,92.66802444,61.995515695,93.110647182,78.210116732,85.523613963,80.17839445,8.681068420410156
101,0.0202,0.737146259,2.229382885,0.755595439,83.26,97.653061224,96.387665198,68.604651163,74.158415842,92.66802444,69.730941704,91.33611691,81.031128405,78.131416838,80.971258672,8.629923820495605
102,0.0204,0.74053236,2.275027856,0.711008536,86.16,98.163265306,97.092511013,89.244186047,79.108910891,86.761710794,72.085201794,90.501043841,85.311284047,79.979466119,80.673934589,8.63503360748291
103,0.0206,0.744141533,2.279059521,0.739358107,83.77,93.87755102,98.678414097,73.352713178,66.534653465,90.529531568,76.905829596,92.797494781,78.404669261,82.854209446,82.35877106,8.686073303222656
104,0.0208,0.748542982,2.273268739,0.727430721,85.12,95.408163265,98.325991189,76.647286822,86.930693069,84.419551935,69.282511211,91.962421712,87.451361868,74.332648871,83.349851338,8.649248123168945
105,0.021,0.753846378,2.303951016,0.713974087,85.17,97.551020408,98.766519824,85.07751938,86.930693069,87.983706721,67.264573991,91.544885177,87.159533074,70.533880903,75.32210109,8.549337387084961
106,0.0212,0.758946865,2.314148794,0.732481317,84.29,95.918367347,98.678414097,75.678294574,72.871287129,89.00203666,71.860986547,93.110647182,82.295719844,78.542094456,82.656095144,8.516277313232422
107,0.0214,0.762335256,2.317121372,0.746225262,83.38,95.918367347,98.59030837,84.689922481,81.386138614,84.623217923,57.174887892,93.319415449,92.315175097,65.811088296,75.123885035,8.522323608398438
108,0.0216,0.766066531,2.322078641,0.750860915,83.05,97.244897959,98.325991189,82.65503876,85.940594059,82.688391039,36.771300448,88.413361169,91.050583658,82.546201232,78.097125867,8.502270698547363
109,0.0218,0.768912425,2.319368735,0.751417532,84.91,97.959183673,98.237885463,85.852713178,79.702970297,81.771894094,67.376681614,89.248434238,86.86770428,72.381930185,86.025768087,8.520636558532715
110,0.022,0.774998616,2.339064641,0.757302442,83.63,97.346938776,98.766519824,72.965116279,84.257425743,90.936863544,77.466367713,90.083507307,93.871595331,71.047227926,57.482656095,8.471908569335938
111,0.0222,0.780866965,2.331233077,0.7677607,85.14,96.93877551,96.563876652,87.209302326,79.00990099,85.845213849,69.058295964,92.066805846,81.322957198,82.854209446,77.898909812,8.399993896484375
112,0.0224,0.78293809,2.374905229,0.761994755,84.69,98.265306122,97.004405286,76.356589147,84.851485149,74.541751527,76.121076233,83.924843424,87.743190661,80.184804928,85.431119921,8.42557430267334
113,0.0226,0.790313869,2.376678618,0.798287991,80.04,97.959183673,98.061674009,80.23255814,90.891089109,88.085539715,57.174887892,86.11691023,94.552529183,65.503080082,37.165510406,8.34307861328125
114,0.0228,0.793717916,2.379105215,0.771795617,84.98,97.040816327,97.533039648,75.19379845,84.554455446,92.464358452,77.01793722,89.770354906,87.451361868,73.716632444,73.14172448,8.344694137573242
115,0.023,0.795991773,2.368781194,0.815024889,82.4,94.183673469,97.444933921,79.457364341,74.851485149,86.456211813,71.860986547,93.528183716,67.023346304,87.679671458,69.970267592,8.30891227722168
116,0.0232,0.803712863,2.391084079,0.80452506,83.14,95.102040816,98.766519824,66.279069767,88.118811881,78.615071283,69.955156951,93.841336117,78.793774319,82.95687885,76.709613479,8.299628257751465
117,0.0234,0.808268692,2.411975103,0.793767588,80.51,96.530612245,98.414096916,74.418604651,85.544554455,94.806517312,72.757847534,91.33611691,80.155642023,75.975359343,33.399405352,8.254730224609375
118,0.0236,0.811467145,2.412058389,0.788363559,83.68,97.040816327,98.766519824,78.875968992,86.633663366,69.857433809,73.206278027,86.11691023,85.408560311,74.332648871,83.349851338,8.239205360412598
119,0.0238,0.813837893,2.399771825,0.81705031,83.13,94.489795918,98.061674009,75.678294574,76.336633663,85.641547862,66.704035874,97.599164927,86.186770428,81.108829569,66.897918731,8.253495216369629
120,0.024,0.824414261,2.453588577,0.78029511,83.77,96.224489796,98.678414097,81.007751938,84.554455446,74.949083503,59.192825112,89.144050104,88.13229572,78.542094456,82.755203171,8.18863582611084
121,0.0242,0.829505013,2.427521638,0.81849487,83.09,93.367346939,97.709251101,75.387596899,87.722772277,61.710794297,71.076233184,86.534446764,86.381322957,80.800821355,86.917740337,8.174181938171387
122,0.0244,0.83497312,2.446545911,0.828603795,82.85,97.040816327,96.299559471,72.868217054,80.495049505,74.33808554,67.937219731,85.803757829,90.272373541,79.158110883,81.169474727,8.147204399108887
123,0.0246,0.840141968,2.440085451,0.82326012,82.98,96.93877551,98.237885463,68.507751938,82.97029703,86.456211813,72.757847534,89.665970772,89.105058366,78.131416838,64.816650149,8.122424125671387
124,0.0248,0.852362749,2.43766801,0.836659477,82.24,97.244897959,98.678414097,86.337209302,84.257425743,77.087576375,65.470852018,89.770354906,81.614785992,60.472279261,77.304261645,8.114559173583984
125,0.025,0.892894389,2.404777934,0.877452862,75.9,94.591836735,98.942731278,78.294573643,85.04950495,86.048879837,22.30941704,83.402922756,88.715953307,63.86036961,49.157581764,8.01975154876709
126,0.0252,0.89695513,2.399301814,0.871157224,80.43,96.632653061,97.356828194,86.531007752,83.762376238,84.012219959,56.053811659,83.82045929,90.758754864,64.98973306,55.302279485,7.737598896026611
127,0.0254,0.898245838,2.422824195,0.872280814,77.43,97.142857143,98.414096916,87.112403101,82.178217822,86.456211813,16.143497758,82.463465553,80.642023346,76.386036961,58.374628345,7.717240810394287
128,0.0256,0.900917001,2.434422275,0.884038619,78.82,92.551020408,96.916299559,81.686046512,74.752475248,85.641547862,41.255605381,89.561586639,71.303501946,83.470225873,65.807730426,7.726011753082275
129,0.0258,0.907269093,2.430113542,0.88109529,78.8,94.795918367,98.149779736,85.07751938,77.524752475,91.446028513,56.165919283,84.759916493,77.723735409,73.203285421,44.895936571,7.723176956176758
130,0.026,0.908118228,2.446650355,0.882708772,78.2,93.979591837,98.502202643,66.860465116,87.623762376,86.048879837,49.887892377,85.803757829,84.727626459,59.54825462,63.726461843,7.695832252502441
131,0.0262,0.912312635,2.440378282,0.881115013,80.12,94.183673469,97.973568282,83.042635659,78.712871287,75.66191446,63.004484305,91.649269311,81.517509728,66.221765914,65.312190287,7.667240619659424
132,0.0264,0.917389957,2.474488532,0.886735387,78.85,96.836734694,98.414096916,87.209302326,80.594059406,82.586558045,56.614349776,86.012526096,88.229571984,51.642710472,55.004955401,7.617074966430664
133,0.0266,0.921771965,2.470288331,0.896171599,77.47,96.428571429,98.59030837,84.786821705,78.811881188,86.965376782,41.591928251,92.797494781,83.657587549,57.905544148,46.977205154,7.628504276275635
134,0.0268,0.924284648,2.469252857,0.894460166,78.96,97.346938776,98.414096916,79.166666667,82.574257426,74.032586558,47.64573991,91.962421712,84.727626459,58.213552361,69.672943508,7.6275410652160645
135,0.027,0.926228068,2.504113798,0.892938969,77.97,95.102040816,98.325991189,81.976744186,79.900990099,86.456211813,53.251121076,93.736951983,76.361867704,70.431211499,39.940535183,7.563513278961182
136,0.0272,0.931965973,2.464891895,0.91409726,79.28,97.755102041,97.004405286,77.228682171,89.207920792,76.680244399,25.112107623,90.292275574,85.992217899,76.386036961,69.474727453,7.593360900878906
137,0.0274,0.933982288,2.503049647,0.907054192,77.36,91.428571429,98.678414097,81.298449612,75.346534653,81.059063136,27.914798206,91.440501044,74.902723735,74.53798768,69.672943508,7.5470476150512695
138,0.0276,0.936495261,2.50674442,0.918443947,76.25,94.591836735,98.502202643,79.457364341,80.198019802,91.853360489,43.834080717,93.63256785,87.159533074,61.909650924,25.867195243,7.532243251800537
139,0.0278,0.941808417,2.507301643,0.919179277,77.61,93.775510204,98.325991189,74.127906977,77.920792079,91.446028513,44.058295964,91.544885177,80.642023346,72.27926078,46.878097126,7.52451753616333
140,0.028,0.945123767,2.510068209,0.918324837,79.47,98.163265306,97.885462555,83.333333333,84.455445545,82.99389002,45.179372197,83.298538622,77.918287938,73.613963039,62.140733399,7.478679656982422
141,0.0282,0.946614302,2.525552573,0.924867292,76.13,95.612244898,98.59030837,80.523255814,86.237623762,83.808553971,23.430493274,87.369519833,85.505836576,69.09650924,43.012884044,7.460700035095215
142,0.0284,0.952635806,2.525604535,0.925312503,78.04,96.836734694,98.414096916,80.23255814,80.495049505,87.576374745,31.390134529,85.490605428,83.073929961,72.073921971,57.680872151,7.503530502319336
143,0.0286,0.955177179,2.552240241,0.922920216,77.97,95.306122449,97.533039648,82.073643411,78.415841584,90.224032587,46.860986547,91.33611691,83.26848249,69.815195072,39.841427156,7.40848445892334
144,0.0288,0.958763623,2.544837622,0.952710656,77.6,98.367346939,95.859030837,76.356589147,86.930693069,86.456211813,61.771300448,88.413361169,90.369649805,50.205338809,37.363726462,7.413127422332764
145,0.029,0.961876587,2.544163311,0.94664559,78.6,98.469387755,97.004405286,80.910852713,80.396039604,72.301425662,50.896860987,89.770354906,85.214007782,54.928131417,70.564915758,7.378880023956299
146,0.0292,0.966519095,2.570480673,0.948017994,77.16,96.530612245,98.678414097,85.368217054,69.603960396,88.391038697,44.170403587,89.039665971,88.326848249,52.566735113,52.626362735,7.393930435180664
147,0.0294,0.971708792,2.571320282,0.937571139,78.0,97.142857143,98.325991189,81.298449612,86.831683168,83.604887984,21.30044843,89.770354906,82.587548638,74.024640657,56.987115956,7.352410316467285
148,0.0296,0.972592239,2.581765689,0.939776547,79.98,93.265306122,98.149779736,81.589147287,79.900990099,88.594704684,57.286995516,91.858037578,83.754863813,67.659137577,53.518334985,7.358222961425781
149,0.0298,0.979878965,2.592824995,0.963182668,78.2,98.469387755,95.77092511,83.430232558,70.594059406,73.625254582,34.753363229,91.544885177,83.26848249,74.640657084,69.474727453,7.304362773895264
150,0.03,0.980902453,2.601661883,0.954860625,77.12,94.795918367,98.325991189,87.790697674,86.336633663,78.00407332,37.107623318,89.87473904,80.252918288,56.776180698,54.806739346,7.369776725769043
151,0.0302,0.984744203,2.608175419,0.954995762,78.42,98.06122449,98.502202643,86.337209302,76.732673267,75.66191446,51.68161435,87.995824635,83.852140078,48.562628337,70.862239841,7.303264141082764
152,0.0304,0.989272045,2.589254229,0.970321424,79.17,93.367346939,98.237885463,79.651162791,81.287128713,85.539714868,57.174887892,92.171189979,79.86381323,72.176591376,48.265609514,7.244841575622559
153,0.0306,0.992911332,2.63832494,0.957138239,78.35,95.714285714,98.678414097,65.503875969,80.693069307,76.17107943,57.735426009,87.891440501,87.159533074,59.54825462,69.871159564,7.3528594970703125
154,0.0308,0.996055672,2.620038379,0.965839429,78.2,97.448979592,98.502202643,74.903100775,83.267326733,84.114052953,36.322869955,91.231732777,82.782101167,73.716632444,53.518334985,7.272607803344727
155,0.031,0.999854851,2.617287396,0.99466814,76.9,92.142857143,97.885462555,56.782945736,90.792079208,71.079429735,54.260089686,88.72651357,81.225680934,56.570841889,74.826560951,7.211236953735352
156,0.0312,1.005318532,2.61829976,0.986397514,77.11,96.93877551,98.414096916,83.236434109,74.851485149,92.973523422,53.475336323,90.918580376,88.326848249,62.833675565,24.578790882,7.236400604248047
157,0.0314,1.006974914,2.645398775,1.018414247,74.64,92.346938776,97.709251101,49.127906977,80.792079208,87.474541752,39.798206278,90.709812109,68.677042802,77.926078029,57.383548067,7.250446319580078
158,0.0316,1.01076458,2.626390885,1.001606737,76.0,97.346938776,97.973568282,79.554263566,87.524752475,67.107942974,10.426008969,86.534446764,91.245136187,70.431211499,61.843409316,7.25922155380249
159,0.0318,1.012381983,2.639378427,0.997326894,75.37,95.510204082,98.942731278,78.488372093,83.366336634,75.356415479,53.475336323,90.083507307,90.175097276,35.318275154,47.076313181,7.184904098510742
160,0.032,1.019650851,2.68086423,0.984175338,77.53,98.87755102,98.237885463,84.786821705,79.108910891,85.539714868,44.730941704,85.594989562,85.019455253,58.932238193,48.364717542,7.1181559562683105
161,0.0322,1.023477576,2.658496867,1.018294979,73.58,98.673469388,98.766519824,77.61627907,88.613861386,83.910386965,22.085201794,85.386221294,82.490272374,67.248459959,22.993062438,7.153562545776367
162,0.0324,1.028521399,2.692309923,1.01130835,75.57,91.632653061,98.325991189,63.759689922,92.376237624,75.050916497,40.358744395,84.237995825,89.785992218,50.102669405,63.131813677,7.142752647399902
163,0.0326,1.032438449,2.655437155,1.014074464,78.07,96.428571429,98.678414097,78.294573643,84.158415842,73.319755601,42.600896861,83.402922756,83.754863813,66.119096509,67.39345887,7.094338893890381
164,0.0328,1.034281998,2.681690976,1.01418503,76.28,96.836734694,98.325991189,69.670542636,78.811881188,85.030549898,43.385650224,91.231732777,80.058365759,73.716632444,40.733399405,7.0832648277282715
165,0.033,1.039962039,2.704012821,0.998631335,77.23,96.428571429,98.59030837,83.042635659,85.841584158,65.580448065,35.313901345,93.215031315,87.840466926,44.455852156,74.033696729,7.078640460968018
166,0.0332,1.04308013,2.685055088,1.028675451,73.94,96.326530612,98.678414097,72.771317829,80.0,90.733197556,11.434977578,84.133611691,79.571984436,68.275154004,48.46382557,7.0055084228515625
167,0.0334,1.046072376,2.686147508,1.032031937,77.8,97.959183673,97.621145374,82.170542636,82.178217822,61.914460285,36.771300448,90.396659708,84.922178988,57.392197125,79.2864222,7.004441261291504
168,0.0336,1.05158426,2.705319776,1.031127987,78.63,96.632653061,97.533039648,82.170542636,80.99009901,40.631364562,60.201793722,91.127348643,87.062256809,64.887063655,79.980178394,7.064093112945557
169,0.0338,1.056310909,2.720233577,1.021621928,77.5,89.285714286,98.678414097,79.166666667,85.04950495,69.348268839,48.99103139,91.022964509,81.517509728,51.540041068,74.231912785,6.9848833084106445
170,0.034,1.058390665,2.683841219,1.049839187,79.02,94.285714286,98.414096916,70.251937984,78.217821782,75.254582485,57.286995516,89.665970772,82.101167315,70.328542094,70.168483647,6.974686145782471
171,0.0342,1.066274063,2.724720965,1.029490455,76.56,93.775510204,98.854625551,78.294573643,86.336633663,80.855397149,47.757847534,90.396659708,84.922178988,52.156057495,46.382556987,6.993617057800293
172,0.0344,1.069295188,2.734895753,1.03100568,76.01,96.93877551,98.766519824,80.813953488,89.207920792,42.260692464,33.856502242,89.561586639,84.241245136,51.12936345,84.836471754,6.960538864135742
173,0.0346,1.072968951,2.740150332,1.037758076,76.25,97.244897959,98.59030837,69.476744186,85.940594059,86.456211813,46.860986547,91.022964509,86.673151751,57.49486653,37.46283449,6.926431655883789
174,0.0348,1.07472682,2.72651679,1.093032994,74.61,94.183673469,98.149779736,71.220930233,93.861386139,72.403258656,56.502242152,81.21085595,77.918287938,33.162217659,61.843409316,6.889991760253906
175,0.035,1.08041258,2.762848683,1.035798435,76.73,94.795918367,98.766519824,70.058139535,87.128712871,70.16293279,40.246636771,91.649269311,86.089494163,56.878850103,64.915758176,6.902371406555176
176,0.0352,1.084293991,2.737682346,1.07347015,72.79,95.204081633,98.678414097,70.639534884,82.97029703,92.260692464,41.367713004,88.622129436,93.190661479,37.371663244,21.110009911,6.854620933532715
177,0.0354,1.090550589,2.773835551,1.055391681,75.08,95.306122449,99.118942731,62.30620155,85.247524752,62.932790224,41.255605381,93.215031315,84.046692607,50.308008214,70.564915758,6.862137317657471
178,0.0356,1.092609647,2.76211675,1.075964386,73.16,92.551020408,98.766519824,69.670542636,85.742574257,74.33808554,28.02690583,93.319415449,91.73151751,29.979466119,58.870168484,6.802696704864502
179,0.0358,1.097885945,2.767634933,1.084791487,70.28,94.387755102,99.030837004,68.604651163,81.98019802,93.890020367,32.511210762,91.440501044,83.365758755,47.330595483,3.666997027,6.793560028076172
180,0.036,1.100968028,2.740118709,1.10295324,71.24,92.142857143,99.030837004,80.329457364,86.633663366,80.753564155,44.506726457,84.029227557,88.13229572,39.32238193,10.802775025,6.7220354080200195
181,0.0362,1.105011976,2.749219362,1.08779823,75.55,96.020408163,98.59030837,69.573643411,86.831683168,90.020366599,26.233183857,88.308977035,86.575875486,55.23613963,50.346878097,6.745243549346924
182,0.0364,1.112092282,2.759658141,1.098124931,72.14,93.87755102,98.766519824,73.643410853,88.316831683,52.545824847,10.986547085,89.248434238,91.926070039,43.326488706,67.888999009,6.819045066833496
183,0.0366,1.11508066,2.779537787,1.107244009,71.5,94.897959184,98.766519824,62.596899225,89.207920792,96.232179226,56.502242152,76.722338205,85.79766537,21.663244353,27.254707631,6.7627668380737305
184,0.0368,1.122676661,2.775467414,1.108181776,74.81,96.326530612,98.678414097,67.441860465,90.495049505,57.33197556,39.461883408,91.231732777,85.408560311,42.094455852,72.348860258,6.722982883453369
185,0.037,1.126930724,2.793268062,1.108599021,75.91,95.408163265,98.59030837,80.910852713,83.168316832,75.356415479,22.869955157,89.352818372,82.879377432,75.256673511,47.274529237,6.692892074584961
186,0.0372,1.135433898,2.784642933,1.119901764,71.13,95.306122449,98.237885463,58.236434109,90.297029703,88.696537678,29.035874439,93.423799582,91.342412451,49.691991786,10.208126858,6.698383331298828
187,0.0374,1.145213226,2.800668419,1.121761981,73.41,95.306122449,98.766519824,68.217054264,89.207920792,53.564154786,19.955156951,93.528183716,77.431906615,48.973305955,80.079286422,6.698365688323975
188,0.0376,1.221925904,2.674980503,1.22091313,63.24,98.163265306,97.268722467,73.740310078,85.940594059,79.531568228,2.242152466,85.490605428,89.591439689,9.034907598,0.0,6.218591690063477
189,0.0378,1.222331483,2.702389572,1.197086226,67.86,92.857142857,98.502202643,65.988372093,79.207920792,74.032586558,8.071748879,93.423799582,75.291828794,9.753593429,70.763131814,6.235767364501953
190,0.038,1.224394605,2.677273023,1.233827015,63.15,84.081632653,98.942731278,67.73255814,81.485148515,83.095723014,14.910313901,81.315240084,81.420233463,0.924024641,26.957383548,6.248119831085205
191,0.0382,1.229021357,2.678464389,1.235301618,65.73,93.571428571,97.268722467,77.325581395,89.702970297,43.279022403,16.591928251,83.402922756,80.252918288,1.642710472,62.933597621,6.2219462394714355
192,0.0384,1.229566604,2.690664016,1.217810546,65.68,97.755102041,96.651982379,75.872093023,87.623762376,79.022403259,5.941704036,81.21085595,85.019455253,3.490759754,32.705649158,6.213915824890137
193,0.0386,1.23288022,2.686578301,1.228113794,62.58,93.163265306,98.502202643,64.631782946,86.732673267,68.940936864,4.820627803,82.150313152,88.424124514,20.533880903,6.739345887,6.164024353027344
194,0.0388,1.238482494,2.730697304,1.200204121,64.37,91.734693878,97.973568282,78.488372093,84.752475248,81.364562118,8.856502242,85.281837161,85.79766537,10.266940452,8.225966303,6.180925369262695
195,0.039,1.23970504,2.689529862,1.235086736,63.95,86.836734694,98.59030837,70.15503876,90.594059406,77.291242363,24.66367713,81.837160752,85.992217899,1.437371663,12.388503469,6.1411004066467285
196,0.0392,1.243052659,2.716226264,1.213414461,63.79,93.979591837,98.502202643,72.38372093,82.871287129,83.604887984,7.399103139,82.567849687,86.186770428,12.628336756,6.838453915,6.197753429412842
197,0.0394,1.244328985,2.70798584,1.34279644,55.94,86.428571429,98.414096916,51.065891473,83.663366337,52.138492872,7.286995516,66.701461378,94.747081712,6.981519507,0.0,6.064638137817383
198,0.0396,1.248622432,2.749600261,1.215101438,65.16,93.571428571,97.709251101,74.418604651,80.198019802,86.150712831,4.147982063,87.891440501,82.976653696,0.0,33.102081269,6.080419540405273
199,0.0398,1.252679515,2.725148642,1.241786269,63.56,94.183673469,98.325991189,63.275193798,87.821782178,63.034623218,4.596412556,83.507306889,90.272373541,7.49486653,31.318136769,6.085158348083496
200,0.04,1.256238601,2.740086715,1.234139977,63.01,95.918367347,98.502202643,55.329457364,85.841584158,79.124236253,18.273542601,90.083507307,88.715953307,0.0,8.919722498,6.04271936416626
201,0.0402,1.258976592,2.74422968,1.242218712,62.03,89.795918367,98.502202643,69.186046512,82.475247525,90.224032587,0.224215247,91.544885177,81.031128405,2.874743326,3.171456888,6.081854343414307
202,0.0404,1.261373228,2.748641534,1.236816045,64.62,93.775510204,97.885462555,70.15503876,86.03960396,80.346232179,14.125560538,88.72651357,85.116731518,20.431211499,0.0,6.018761157989502
203,0.0406,1.264159707,2.754779575,1.249102265,63.19,97.755102041,98.061674009,69.573643411,88.316831683,52.647657841,0.0,75.574112735,87.937743191,7.392197125,41.724479683,6.071826934814453
204,0.0408,1.266261682,2.751157467,1.246585018,64.58,93.979591837,97.885462555,74.612403101,63.762376238,77.698574338,19.394618834,84.655532359,85.505836576,18.069815195,20.812685828,6.050967693328857
205,0.041,1.271000983,2.740181361,1.255049168,61.99,95.612244898,98.325991189,58.139534884,84.95049505,89.613034623,6.278026906,88.517745303,86.964980545,1.026694045,0.0,5.999081134796143
206,0.0412,1.273038037,2.753520488,1.289993285,61.08,98.163265306,98.678414097,53.488372093,58.712871287,75.66191446,9.304932735,83.924843424,93.385214008,29.876796715,0.0,5.99168062210083
207,0.0414,1.276217742,2.749633641,1.256495092,65.07,97.959183673,98.854625551,65.503875969,86.138613861,82.484725051,4.820627803,79.958246347,78.015564202,7.084188912,38.553022795,6.038997650146484
208,0.0416,1.28103706,2.777782506,1.266357491,62.72,98.367346939,97.444933921,73.158914729,80.891089109,92.15885947,3.139013453,83.402922756,84.727626459,2.772073922,0.0,6.020795822143555
209,0.0418,1.283760076,2.76641984,1.273107635,62.45,89.489795918,98.942731278,55.620155039,79.702970297,84.725050916,12.219730942,94.154488518,75.0,2.874743326,22.200198216,5.996289253234863
210,0.042,1.286573226,2.761708671,1.26383709,62.83,96.836734694,98.061674009,80.135658915,81.782178218,76.680244399,0.224215247,81.732776618,85.992217899,5.23613963,9.415262636,5.981315612792969
211,0.0422,1.287606839,2.791697718,1.265854537,64.02,97.346938776,96.651982379,64.147286822,83.069306931,87.372708758,3.02690583,91.33611691,82.684824903,5.23613963,18.731417245,5.908309459686279
212,0.0424,1.294152186,2.801297148,1.274912609,64.87,95.408163265,99.207048458,61.337209302,65.544554455,81.771894094,0.67264574,90.918580376,82.879377432,9.54825462,50.148662042,5.9648003578186035
213,0.0426,1.295320561,2.789427841,1.292502026,63.09,90.102040816,98.854625551,52.228682171,73.564356436,96.33401222,15.022421525,88.517745303,78.696498054,24.229979466,4.85629336,5.907196044921875
214,0.0428,1.298160706,2.792981858,1.294241479,61.31,98.163265306,96.387665198,70.445736434,70.495049505,74.33808554,4.484304933,89.039665971,89.980544747,0.410677618,8.325074331,5.852153301239014
215,0.043,1.303046801,2.812593111,1.271463988,63.52,97.959183673,98.942731278,68.604651163,85.841584158,53.054989817,2.35426009,82.35908142,79.085603113,0.0,54.509415263,5.892314910888672
216,0.0432,1.303735955,2.786234039,1.289530163,65.21,93.469387755,98.678414097,53.003875969,73.465346535,75.152749491,0.0,91.231732777,87.159533074,42.50513347,27.155599604,5.915321350097656
217,0.0434,1.308716072,2.799815433,1.286619585,66.8,97.653061224,98.766519824,54.069767442,75.148514851,65.071283096,2.242152466,89.352818372,84.143968872,43.429158111,47.770069376,5.865978717803955
218,0.0436,1.312383882,2.830186096,1.297907818,61.2,86.93877551,99.118942731,44.186046512,66.336633663,86.863543788,34.192825112,90.918580376,87.256809339,8.829568789,0.495540139,5.840184688568115
219,0.0438,1.312289245,2.806860319,1.31308363,64.03,97.653061224,98.766519824,43.895348837,88.415841584,69.857433809,1.00896861,82.567849687,80.058365759,1.540041068,64.915758176,5.858100414276123
220,0.044,1.318113853,2.777848563,1.314438648,63.4,96.428571429,99.030837004,68.507751938,86.732673267,61.405295316,12.107623318,82.254697286,80.155642023,0.0,36.174430129,5.7664055824279785
221,0.0442,1.318358828,2.788537082,1.307755362,64.86,94.285714286,98.678414097,65.406976744,84.851485149,88.900203666,4.484304933,83.611691023,77.529182879,25.256673511,15.163528246,5.816075325012207
222,0.0444,1.326033721,2.83361209,1.299612547,62.02,92.448979592,99.030837004,46.608527132,81.584158416,81.059063136,13.340807175,87.265135699,85.700389105,0.0,23.290386521,5.8202362060546875
223,0.0446,1.325616114,2.818755529,1.304669196,63.31,98.265306122,98.502202643,55.135658915,87.524752475,88.594704684,4.260089686,88.72651357,80.155642023,5.544147844,15.956392468,5.793861389160156
224,0.0448,1.328983663,2.826694674,1.316433463,59.96,98.979591837,97.885462555,78.488372093,83.96039604,46.639511202,2.466367713,70.563674322,86.089494163,1.026694045,20.416253717,5.853124618530273
225,0.045,1.333758397,2.819056401,1.321274927,63.64,98.163265306,98.854625551,46.802325581,87.623762376,72.403258656,4.484304933,84.029227557,79.085603113,12.422997947,41.823587711,5.776861190795898
226,0.0452,1.335778958,2.825856279,1.318991524,65.42,93.87755102,98.766519824,77.228682171,74.851485149,74.643584521,4.035874439,83.298538622,77.821011673,1.540041068,56.095143707,5.709336280822754
227,0.0454,1.339392456,2.841116817,1.325013366,63.11,93.469387755,98.502202643,80.620155039,78.910891089,90.122199593,22.197309417,66.17954071,88.910505837,1.745379877,0.0,5.777776718139648
228,0.0456,1.342068957,2.825648599,1.347813775,64.64,97.040816327,97.533039648,59.496124031,79.504950495,75.254582485,6.614349776,92.693110647,75.0,15.605749487,37.661050545,5.707979202270508
229,0.0458,1.34605418,2.857454005,1.340254483,59.37,85.102040816,99.030837004,65.406976744,87.128712871,82.586558045,4.596412556,81.106471816,76.653696498,0.718685832,0.0,5.666568756103516
230,0.046,1.352769151,2.832510102,1.336152396,61.79,92.448979592,98.854625551,53.585271318,81.584158416,88.594704684,16.704035874,87.369519833,85.992217899,0.718685832,2.675916749,5.734629154205322
231,0.0462,1.353493567,2.8724192,1.322373645,61.65,97.244897959,98.942731278,66.569767442,71.584158416,93.788187373,0.0,74.321503132,84.338521401,18.377823409,0.0,5.673991680145264
232,0.0464,1.359365284,2.843193012,1.344043117,63.87,95.918367347,97.709251101,77.325581395,86.534653465,86.150712831,0.784753363,79.645093946,79.6692607,5.544147844,17.542120912,5.609429359436035
233,0.0466,1.359972848,2.836571773,1.3493582,61.26,95.204081633,98.854625551,56.395348837,84.059405941,34.419551935,15.470852018,88.517745303,88.326848249,4.414784394,36.174430129,5.680147171020508
234,0.0468,1.359836312,2.858376261,1.359676045,61.63,96.632653061,98.149779736,42.441860465,82.871287129,84.215885947,0.0,92.275574113,91.342412451,1.026694045,16.551040634,5.63761043548584
235,0.047,1.365575034,2.863775337,1.340730218,63.91,92.244897959,98.678414097,62.790697674,83.069306931,70.366598778,25.448430493,88.517745303,82.587548638,2.258726899,24.083250743,5.624192237854004
236,0.0472,1.370267488,2.867544453,1.366905489,60.51,97.244897959,99.030837004,64.341085271,71.98019802,88.187372709,1.569506726,66.17954071,88.910505837,15.708418891,0.198216056,5.660487651824951
237,0.0474,1.370373313,2.824915518,1.386911454,57.29,90.816326531,98.942731278,51.841085271,89.207920792,49.287169043,0.0,83.82045929,89.883268482,0.205338809,6.640237859,5.599977016448975
238,0.0476,1.376981933,2.911716232,1.328790573,62.37,92.857142857,98.854625551,56.879844961,89.603960396,62.423625255,1.569506726,88.517745303,84.53307393,0.0,36.57086224,5.5905022621154785
239,0.0478,1.379326639,2.857417883,1.374070933,65.19,96.428571429,98.237885463,48.546511628,68.217821782,77.698574338,4.035874439,91.022964509,63.424124514,52.772073922,42.814667988,5.668060302734375
240,0.048,1.38294434,2.882737797,1.362005931,60.3,89.183673469,98.854625551,58.624031008,88.415841584,81.6700611,0.224215247,80.688935282,87.548638132,0.0,5.847373637,5.592770576477051
241,0.0482,1.385928897,2.841609568,1.377453078,63.58,93.979591837,98.502202643,72.093023256,83.663366337,83.401221996,6.726457399,85.490605428,88.13229572,12.936344969,0.0,5.592456817626953
242,0.0484,1.387551141,2.866612281,1.412968684,61.77,87.142857143,93.656387665,40.697674419,89.306930693,51.83299389,15.358744395,92.275574113,86.673151751,0.0,51.238850347,5.580157279968262
243,0.0486,1.39199308,2.896080246,1.366562805,61.53,90.816326531,98.766519824,44.282945736,90.198019802,52.647657841,12.892376682,92.275574113,84.824902724,0.0,38.255698712,5.58615255355835
244,0.0488,1.395394052,2.888610964,1.366044115,62.79,95.510204082,98.678414097,53.682170543,85.940594059,84.928716904,1.457399103,84.446764092,81.906614786,10.061601643,20.317145689,5.550908088684082
245,0.049,1.398141992,2.893995481,1.369821972,65.25,95.306122449,98.678414097,67.635658915,77.326732673,86.965376782,0.0,82.045929019,88.13229572,45.790554415,0.0,5.524534225463867
246,0.0492,1.404713403,2.869467807,1.414294128,59.81,90.408163265,98.59030837,58.720930233,94.158415842,67.515274949,0.0,83.298538622,87.451361868,6.057494867,0.0,5.4643378257751465
247,0.0494,1.405152108,2.929166531,1.388333088,61.2,92.346938776,99.295154185,22.965116279,75.247524752,65.580448065,0.0,94.989561587,74.708171206,13.757700205,62.933597621,5.451937675476074
248,0.0496,1.410047507,2.882450915,1.396100968,64.69,94.591836735,98.502202643,58.430232558,87.524752475,63.849287169,8.071748879,88.100208768,74.416342412,4.722792608,57.779980178,5.458828449249268
249,0.0498,1.4124881,2.894065361,1.389940862,59.99,90.0,99.118942731,59.302325581,83.069306931,76.272912424,1.569506726,89.979123173,85.894941634,3.388090349,0.0,5.545313358306885
250,0.05,1.413583081,2.879897301,1.406056971,62.57,94.489795918,98.502202643,62.30620155,80.396039604,85.947046843,0.0,89.457202505,72.081712062,2.361396304,29.038652131,5.468923091888428
251,0.0502,1.418297889,2.894293726,1.402454299,62.07,95.510204082,98.766519824,47.286821705,91.485148515,84.215885947,4.484304933,89.248434238,70.719844358,0.0,28.64222002,5.440450191497803
252,0.0504,1.422669332,2.880964081,1.432374319,65.88,96.326530612,93.656387665,80.620155039,68.514851485,80.549898167,37.107623318,76.096033403,84.53307393,34.599589322,0.0,5.424172878265381
253,0.0506,1.424097012,2.862123151,1.463506505,56.9,76.326530612,98.59030837,52.325581395,14.554455446,67.515274949,55.044843049,95.407098121,84.435797665,3.490759754,16.451932607,5.385697841644287
254,0.0508,1.428838215,2.923198939,1.413975558,60.64,92.142857143,97.444933921,72.57751938,89.207920792,64.765784114,0.0,86.638830898,89.785992218,1.642710472,0.0,5.353424072265625
255,0.051,1.433927061,2.893120943,1.427959432,61.0,94.489795918,99.030837004,59.108527132,77.326732673,16.089613035,0.33632287,91.231732777,64.785992218,8.932238193,86.32309217,5.406700134277344
256,0.0512,1.435952086,2.903906774,1.420429323,60.78,96.224489796,98.942731278,69.476744186,80.099009901,93.788187373,0.112107623,75.052192067,82.19844358,0.0,0.0,5.370939254760742
257,0.0514,1.439234722,2.902099459,1.441382593,66.68,94.183673469,93.656387665,58.042635659,81.188118812,80.448065173,0.0,88.100208768,81.809338521,50.513347023,29.335976214,5.2791290283203125
258,0.0516,1.443604927,2.906458254,1.429991233,62.96,97.653061224,98.59030837,60.755813953,92.475247525,73.82892057,1.00896861,72.651356994,84.53307393,3.388090349,32.408325074,5.336212158203125
259,0.0518,1.447884778,2.915658676,1.431820409,61.7,89.081632653,99.030837004,37.887596899,84.455445545,86.863543788,0.67264574,89.561586639,79.6692607,20.739219713,18.9296333,5.291594982147217
260,0.052,1.45101295,2.922486156,1.443545938,58.75,97.448979592,99.295154185,45.15503876,72.574257426,85.234215886,0.0,66.910229645,85.60311284,24.229979466,0.0,5.314610481262207
261,0.0522,1.454460901,2.930241645,1.439189192,58.38,92.448979592,98.766519824,42.151162791,84.356435644,27.902240326,7.847533632,88.308977035,87.354085603,0.0,43.211100099,5.31422758102417
262,0.0524,1.456258964,2.944594447,1.42495613,59.19,96.12244898,99.383259912,36.627906977,81.584158416,60.081466395,2.466367713,86.221294363,81.614785992,2.258726899,34.489593657,5.244200706481934
263,0.0526,1.460111726,2.923261316,1.462213202,57.7,99.387755102,98.678414097,33.042635659,75.247524752,41.649694501,0.0,84.237995825,89.980544747,31.724845996,12.388503469,5.209143161773682
264,0.0528,1.464689655,2.979058225,1.463504898,55.26,99.591836735,98.854625551,54.457364341,77.920792079,64.867617108,0.0,56.36743215,87.743190661,0.0,0.0,5.258995532989502
265,0.053,1.474828116,2.951450808,1.445513242,57.82,93.06122449,99.030837004,48.255813953,78.514851485,71.792260692,0.0,87.056367432,88.13229572,1.026694045,0.0,5.2328009605407715
266,0.0532,1.472440096,2.923476164,1.456356367,63.36,96.12244898,97.709251101,71.996124031,86.534653465,79.32790224,3.139013453,81.732776618,82.003891051,0.0,23.290386521,5.249839782714844
267,0.0534,1.476162867,2.949333309,1.453807526,61.06,94.081632653,99.118942731,53.875968992,68.613861386,64.562118126,19.058295964,93.423799582,82.19844358,0.821355236,25.56987116,5.2874979972839355
268,0.0536,1.4853054,2.939271545,1.484578158,56.75,95.816326531,99.030837004,29.360465116,81.287128713,6.822810591,8.968609865,87.265135699,62.159533074,2.156057495,83.746283449,5.244548797607422
269,0.0538,1.484587317,2.957768263,1.453144354,62.41,96.632653061,98.854625551,60.07751938,78.01980198,60.794297352,6.502242152,87.265135699,80.447470817,0.0,44.202180377,5.246338367462158
270,0.054,1.485593356,2.916429076,1.474288294,62.28,97.755102041,99.030837004,56.007751938,90.495049505,68.3299389,0.0,80.06263048,77.723735409,0.513347023,40.832507433,5.199513912200928
271,0.0542,1.49240098,2.974499633,1.475157057,53.09,96.326530612,99.295154185,31.976744186,74.653465347,20.468431772,1.905829596,87.5782881,86.86770428,0.0,20.218037661,5.1609368324279785
272,0.0544,1.495025732,2.901623206,1.508520615,58.12,96.428571429,99.207048458,75.872093023,64.653465347,0.0,18.834080717,75.991649269,57.684824903,1.642710472,79.2864222,5.23245096206665
273,0.0546,1.497672092,2.906855052,1.511755515,60.55,92.346938776,97.444933921,80.910852713,77.425742574,14.66395112,29.596412556,62.839248434,88.910505837,21.047227926,29.53419227,5.1241536140441895
274,0.0548,1.501781769,2.928859632,1.488819895,61.52,97.653061224,99.030837004,74.612403101,70.297029703,80.142566191,0.224215247,78.60125261,85.214007782,8.41889117,9.018830525,5.115262985229492
275,0.055,1.508841383,2.904965412,1.520274422,60.11,95.0,98.854625551,61.918604651,82.673267327,71.894093686,30.044843049,53.444676409,85.116731518,5.852156057,6.541129832,5.133625030517578
276,0.0552,1.512000109,2.923244571,1.521117879,54.87,88.571428571,98.854625551,81.879844961,50.99009901,69.551934827,15.470852018,41.962421712,87.159533074,1.848049281,0.0,5.108775615692139
277,0.0554,1.514357011,2.989712221,1.472981101,60.04,97.653061224,99.207048458,64.728682171,81.782178218,72.912423625,0.0,80.793319415,78.404669261,0.821355236,12.190287413,5.043031215667725
278,0.0556,1.521838389,2.981762053,1.490732348,57.07,90.102040816,99.207048458,56.879844961,87.02970297,52.240325866,0.112107623,77.974947808,86.673151751,0.0,7.92864222,5.066143989562988
279,0.0558,1.523765384,2.913004964,1.522205451,59.52,93.673469388,99.295154185,30.717054264,84.653465347,59.877800407,0.0,90.501043841,79.377431907,2.669404517,43.409316155,5.055204391479492
280,0.056,1.532128978,2.970256846,1.503511133,58.49,95.102040816,99.118942731,68.023255814,74.851485149,17.515274949,0.0,75.887265136,61.86770428,0.0,79.187314172,5.0573883056640625
281,0.0562,1.531915562,2.928818524,1.545648816,53.51,98.979591837,99.207048458,25.096899225,88.712871287,58.044806517,2.01793722,67.745302714,83.949416342,0.0,0.0,5.013138294219971
282,0.0564,1.537308399,2.972597756,1.511031869,53.59,97.448979592,99.118942731,54.166666667,77.326732673,4.276985743,0.0,88.935281837,88.521400778,0.102669405,13.280475719,5.033594131469727
283,0.0566,1.543377283,2.958782766,1.528416403,53.87,92.755102041,99.383259912,41.279069767,82.871287129,42.66802444,0.0,86.43006263,81.712062257,0.0,0.0,4.954763412475586
284,0.0568,1.546812443,2.959231858,1.538368166,58.07,98.163265306,98.414096916,37.209302326,90.792079208,66.089613035,0.0,82.776617954,83.949416342,0.0,12.091179386,4.932829856872559
285,0.057,1.54985737,2.926569883,1.549345206,60.03,96.93877551,98.766519824,62.403100775,87.524752475,29.735234216,0.784753363,83.402922756,53.59922179,0.102669405,74.727452924,4.932080268859863
286,0.0572,1.555255697,2.953773376,1.549260273,56.24,93.979591837,99.559471366,30.426356589,72.277227723,77.087576375,15.695067265,71.920668058,75.972762646,16.632443532,0.0,4.93876314163208
287,0.0574,1.55672753,2.940301405,1.556205989,56.39,90.102040816,99.295154185,68.313953488,78.712871287,8.248472505,2.466367713,79.227557411,77.042801556,0.0,47.076313181,4.948922157287598
288,0.0576,1.570462732,2.968491663,1.568250674,53.45,84.897959184,99.207048458,56.589147287,62.574257426,18.83910387,1.00896861,93.528183716,77.723735409,0.0,27.948463826,4.883539199829102
289,0.0578,1.57216877,2.981680213,1.551633435,52.38,91.12244898,99.118942731,75.968992248,84.95049505,1.120162933,0.0,48.329853862,83.949416342,0.0,23.885034688,4.858742713928223
290,0.058,1.575942848,2.996806114,1.55576717,55.42,90.102040816,99.295154185,26.744186047,73.267326733,85.743380855,0.0,90.605427975,78.404669261,0.0,0.0,4.8922247886657715
291,0.0582,1.58937392,2.968111415,1.584732691,54.89,94.285714286,99.383259912,23.546511628,69.900990099,81.568228106,0.0,84.446764092,85.408560311,0.0,0.0,4.868467807769775
292,0.0584,1.595912403,2.959315167,1.584640994,59.79,91.326530612,98.59030837,27.906976744,90.693069307,58.859470468,0.0,97.181628392,69.357976654,0.0,53.419226957,4.87306547164917
293,0.0586,1.718664528,2.774415584,1.706335113,40.2,98.979591837,99.207048458,64.92248062,21.881188119,0.0,0.0,0.0,77.821011673,13.141683778,10.406342914,4.818906307220459
294,0.0588,1.718341471,2.796994458,1.684221115,40.18,92.857142857,99.383259912,25.581395349,45.643564356,84.012219959,0.0,29.123173278,12.840466926,1.950718686,0.0,4.768867492675781
295,0.059,1.724524679,2.775811371,1.711130496,37.85,92.040816327,99.471365639,0.0,70.396039604,8.146639511,25.784753363,0.0,71.303501946,0.0,0.0,4.7103590965271
296,0.0592,1.723463566,2.742729896,1.718428545,38.55,94.795918367,99.207048458,35.562015504,21.782178218,18.3299389,0.0,19.93736952,81.517509728,0.410677618,0.0,4.178860187530518
297,0.0594,1.727090447,2.752826507,1.709389921,39.47,95.102040816,99.207048458,42.635658915,32.772277228,30.651731161,0.0,1.774530271,77.821011673,0.0,0.0,4.206907272338867
298,0.0596,1.73756078,2.761352499,1.717004604,37.92,98.163265306,99.207048458,0.0,56.435643564,0.0,0.0,1.043841336,0.0,20.944558522,91.17938553,4.122488498687744
299,0.0598,1.731781474,2.758914522,1.727122667,39.73,57.755102041,99.383259912,52.713178295,0.297029703,24.236252546,0.0,63.152400835,71.011673152,16.324435318,0.0,4.211903095245361
300,0.06,1.730606403,2.751015758,1.725480456,40.76,97.551020408,98.678414097,0.0,78.01980198,55.295315682,13.452914798,0.0,0.0,0.0,54.410307235,4.138641834259033
301,0.0602,1.736233031,2.812806131,1.724881444,35.81,99.183673469,99.207048458,44.282945736,0.0,12.729124236,0.0,0.0,87.645914397,0.0,0.0,4.08926248550415
302,0.0604,1.739026187,2.808634558,1.704068756,41.23,94.081632653,98.678414097,0.0,85.643564356,8.757637475,0.0,2.818371608,73.638132296,0.0,34.291377602,4.204953670501709
303,0.0606,1.742424291,2.761873122,1.735605897,39.69,95.612244898,99.471365639,23.740310078,48.613861386,0.0,29.708520179,0.0,0.0,0.0,89.395441031,4.213196754455566
304,0.0608,1.745008492,2.770632992,1.736786643,44.02,98.367346939,98.942731278,10.755813953,41.881188119,79.633401222,0.0,4.175365344,55.836575875,39.527720739,0.0,4.145675182342529
305,0.061,1.744081616,2.817786353,1.699315788,37.6,98.06122449,99.207048458,49.903100775,2.574257426,8.859470468,0.0,0.0,33.949416342,0.0,68.979187314,4.1580634117126465
306,0.0612,1.745797607,2.777764934,1.730314283,38.31,91.12244898,99.118942731,34.980620155,28.01980198,6.313645621,0.0,3.966597077,0.0,13.347022587,93.062438057,4.146121025085449
307,0.0614,1.750358012,2.769726741,1.732992953,38.13,98.87755102,99.383259912,0.0,58.01980198,0.0,0.0,1.043841336,86.673151751,23.203285421,0.297324083,4.061012268066406
308,0.0616,1.750743268,2.758660061,1.749151799,43.23,90.816326531,99.030837004,0.0,68.118811881,30.753564155,50.0,1.774530271,83.26848249,0.0,0.0,4.121645450592041
309,0.0618,1.754021569,2.794910507,1.753605551,34.21,81.224489796,99.559471366,50.968992248,10.891089109,16.802443992,0.0,0.0,67.509727626,0.0,0.0,4.136620998382568
310,0.062,1.758073319,2.790343022,1.760858978,39.4,86.428571429,98.414096916,0.0,77.920792079,0.0,30.381165919,16.388308977,72.568093385,0.0,1.486620416,4.080604076385498
311,0.0622,1.757293898,2.76718022,1.757136703,41.95,93.87755102,99.118942731,0.0,66.336633663,0.0,0.0,0.0,78.793774319,39.425051335,28.344895937,4.072067737579346
312,0.0624,1.758414923,2.796967975,1.735380463,40.99,97.959183673,98.061674009,0.0,87.524752475,5.702647658,3.475336323,0.0,69.06614786,0.0,34.192269574,4.100688934326172
313,0.0626,1.763323346,2.768267024,1.768461139,39.38,70.510204082,98.942731278,87.887596899,0.0,61.710794297,0.0,0.0,14.883268482,0.0,45.39147671,4.047937393188477
314,0.0628,1.766191757,2.812577615,1.741071993,40.88,98.979591837,99.118942731,0.0,68.217821782,85.234215886,0.0,0.0,31.517509728,14.681724846,0.0,4.079577922821045
315,0.063,1.769960306,2.815330988,1.741303429,36.6,92.346938776,99.559471366,24.80620155,23.465346535,7.942973523,0.0,22.442588727,81.614785992,0.0,0.0,4.01239013671875
316,0.0632,1.772846154,2.777749395,1.762968821,36.5,96.12244898,99.471365639,0.0,69.801980198,0.0,0.0,0.0,81.809338521,3.388090349,0.0,4.057356834411621
317,0.0634,1.774154132,2.805655353,1.75053156,41.9,92.755102041,98.766519824,21.705426357,54.752475248,9.877800407,39.013452915,0.0,91.245136187,0.0,0.0,3.970198392868042
318,0.0636,1.777269271,2.775119702,1.774443904,42.01,99.489795918,97.356828194,39.534883721,0.0,26.17107943,0.0,0.0,83.754863813,61.088295688,0.0,3.9621784687042236
319,0.0638,1.780450085,2.774672938,1.777824556,38.3,96.734693878,98.766519824,70.445736434,0.0,0.0,5.717488789,0.0,87.062256809,9.034907598,0.0,4.001102924346924
320,0.064,1.781226852,2.804593246,1.762757429,37.4,98.367346939,98.854625551,66.860465116,0.0,4.582484725,0.0,0.0,89.39688716,0.0,0.0,3.998394727706909
321,0.0642,1.781410893,2.778228892,1.787030635,36.27,73.367346939,99.030837004,85.562015504,0.0,0.0,0.0,0.104384134,87.548638132,0.0,0.0,3.9222187995910645
322,0.0644,1.78958954,2.822121556,1.762530492,38.39,99.489795918,98.854625551,10.07751938,67.227722772,0.0,4.596412556,0.0,89.299610895,0.0,0.0,4.016321182250977
323,0.0646,1.791420935,2.825394522,1.762798693,40.42,99.387755102,98.149779736,0.0,76.831683168,2.545824847,0.0,0.0,42.607003891,0.0,70.862239841,3.916806221008301
324,0.0648,1.793538081,2.785841969,1.77602845,36.11,99.387755102,99.207048458,35.07751938,13.267326733,16.904276986,0.0,0.0,82.587548638,0.0,0.0,3.893139123916626
325,0.065,1.792461677,2.78176157,1.80802942,32.62,31.836734694,99.823788546,0.0,27.326732673,0.101832994,7.623318386,75.1565762,72.762645914,0.410677618,0.0,3.9276671409606934
326,0.0652,1.795593366,2.780398422,1.786611836,37.57,97.959183673,99.647577093,37.403100775,2.178217822,65.376782077,0.0,0.0,54.766536965,5.441478439,0.0,3.929041862487793
327,0.0654,1.801592684,2.805246201,1.775443611,40.84,97.142857143,99.295154185,0.0,73.564356436,21.792260692,0.33632287,0.0,58.365758755,0.0,44.103072349,3.8825900554656982
328,0.0656,1.804578548,2.79388729,1.804485326,36.51,95.510204082,99.383259912,61.724806202,0.0,0.0,0.0,0.0,0.0,0.0,94.152626363,3.9157660007476807
329,0.0658,1.805592046,2.797913396,1.80242778,38.24,90.714285714,99.559471366,13.275193798,60.99009901,8.146639511,0.0,25.1565762,55.93385214,0.821355236,14.667988107,3.8659658432006836
330,0.066,1.80825053,2.820061555,1.785129218,36.69,98.163265306,99.471365639,42.829457364,0.0,52.749490835,0.0,5.114822547,0.0,0.0,56.39246779,3.816943883895874
331,0.0662,1.809257365,2.806169479,1.814795212,34.92,74.795918367,99.295154185,0.775193798,80.099009901,5.295315682,0.0,0.0,74.221789883,0.0,0.0,3.810042142868042
332,0.0664,1.813471768,2.776738212,1.802208563,41.74,89.795918367,99.118942731,1.744186047,71.881188119,0.0,29.596412556,0.0,83.754863813,14.887063655,15.361744301,3.8133034706115723
333,0.0666,1.816059381,2.778845072,1.805641371,36.94,96.836734694,99.295154185,0.0,68.910891089,0.0,0.0,0.313152401,89.39688716,0.0,0.0,3.782587766647339
334,0.0668,1.819255065,2.815066272,1.791399209,38.25,94.591836735,99.207048458,72.868217054,0.0,20.875763747,0.0,0.313152401,77.529182879,1.540041068,0.0,3.830138683319092
335,0.067,1.823208327,2.805557067,1.79617032,38.29,99.081632653,98.59030837,0.0,81.386138614,0.610997963,0.0,0.0,88.618677043,0.0,0.0,3.7480380535125732
336,0.0672,1.82548494,2.791953159,1.815851109,37.97,98.265306122,99.030837004,28.100775194,25.940594059,0.509164969,0.0,0.0,91.926070039,17.04312115,4.162537166,3.781172275543213
337,0.0674,1.830011723,2.827093426,1.796183701,37.29,97.653061224,99.030837004,31.879844961,40.792079208,4.582484725,0.0,0.0,81.225680934,2.772073922,0.0,3.825150966644287
338,0.0676,1.831692245,2.788453668,1.841246278,40.99,97.142857143,97.18061674,44.379844961,54.95049505,0.0,0.0,1.043841336,23.638132296,0.102669405,77.006937562,3.782053232192993
339,0.0678,1.833777686,2.83920907,1.807499601,36.62,99.183673469,99.647577093,0.0,67.326732673,0.0,0.0,0.0,0.0,0.0,87.115956392,3.7194902896881104
340,0.068,1.835110231,2.757415224,1.842568999,39.56,96.224489796,99.118942731,59.399224806,0.0,0.0,0.0,0.0,0.0,34.291581109,93.260654113,3.7744176387786865
341,0.0682,1.840753399,2.821401309,1.812929046,38.86,90.204081633,99.207048458,0.0,72.376237624,8.248472505,0.0,31.628392484,73.151750973,0.0,0.89197225,3.719837188720703
342,0.0684,1.843909812,2.85875917,1.809063908,34.8,98.163265306,99.559471366,0.0,45.445544554,0.509164969,0.0,0.0,89.883268482,0.0,0.0,3.75830340385437
343,0.0686,1.848851854,2.795091249,1.831947128,38.19,93.469387755,99.559471366,14.728682171,61.188118812,33.910386965,0.0,0.313152401,64.105058366,0.821355236,0.0,3.7237930297851562
344,0.0688,1.849847846,2.801386222,1.845708568,36.05,63.367346939,99.647577093,0.968992248,57.920792079,0.814663951,0.0,43.215031315,57.392996109,0.0,24.380574827,3.647075891494751
345,0.069,1.852228246,2.788028375,1.835745937,40.87,82.346938776,99.471365639,47.965116279,0.0,47.759674134,0.0,44.572025052,73.929961089,0.0,0.0,3.660007953643799
346,0.0692,1.855917951,2.795703903,1.844563796,37.43,95.0,99.295154185,0.0,41.089108911,0.0,0.0,17.014613779,72.276264591,5.544147844,30.723488603,3.659958600997925
347,0.0694,1.860591055,2.835962408,1.822303957,36.06,98.775510204,99.559471366,33.720930233,20.792079208,0.0,0.0,5.636743215,0.0,0.0,88.800792864,3.6560401916503906
348,0.0696,1.86255017,2.800844693,1.85410686,37.73,42.653061224,99.207048458,1.065891473,38.01980198,8.350305499,0.0,85.908141962,90.369649805,0.0,0.0,3.555471181869507
349,0.0698,1.864785762,2.745638522,1.903743487,35.99,50.612244898,98.854625551,51.259689922,40.297029703,0.0,8.632286996,24.947807933,68.287937743,0.0,2.675916749,3.6697587966918945
350,0.07,1.868437128,2.789802876,1.852705095,36.04,96.530612245,99.471365639,61.627906977,0.0,0.0,0.0,0.0,86.86770428,0.0,0.0,3.6291310787200928
351,0.0702,1.871480391,2.781878407,1.861504439,33.05,96.12244898,99.647577093,2.42248062,13.465346535,0.0,0.0,20.041753653,81.809338521,3.901437372,0.0,3.576929807662964
352,0.0704,1.877595497,2.812317409,1.857247903,41.97,93.673469388,99.118942731,0.0,74.554455446,90.32586558,0.0,8.872651357,41.73151751,0.0,0.0,3.6968605518341064
353,0.0706,1.880038447,2.797468607,1.865849676,37.89,90.102040816,97.621145374,0.0,85.445544554,95.213849287,0.0,0.0,0.0,0.0,0.0,3.5635786056518555
354,0.0708,1.883085739,2.819935266,1.85202336,39.05,95.102040816,99.383259912,61.143410853,0.0,36.150712831,0.0,7.098121086,76.945525292,0.0,0.0,3.523643970489502
355,0.071,1.883005879,2.800024774,1.875466719,34.88,99.591836735,98.766519824,0.0,48.712871287,0.0,0.0,1.14822547,0.0,0.0,88.007928642,3.528111219406128
356,0.0712,1.890011562,2.741142303,1.901605203,40.99,93.87755102,98.766519824,0.0,79.405940594,0.0,18.834080717,0.0,0.0,19.09650924,89.395441031,3.5236518383026123
357,0.0714,1.894492641,2.81469254,1.864545936,35.61,97.040816327,99.471365639,0.0,34.158415842,0.0,0.0,27.244258873,85.019455253,0.102669405,0.0,3.487306594848633
358,0.0716,1.896809,2.776040115,1.893406298,36.09,98.265306122,99.030837004,53.100775194,0.0,0.0,0.0,0.0,70.817120623,0.0,24.380574827,3.5152204036712646
359,0.0718,1.899172156,2.751519495,1.908371674,40.67,76.632653061,98.678414097,0.0,60.198019802,0.0,0.0,52.505219207,93.287937743,12.936344969,0.0,3.4472768306732178
360,0.072,1.906608233,2.757768718,1.898480581,37.78,98.163265306,99.295154185,56.395348837,0.0,28.309572301,0.0,0.0,76.848249027,4.004106776,0.0,3.5296404361724854
361,0.0722,1.903715493,2.744462768,1.925318653,38.5,99.285714286,90.572687225,4.941860465,37.326732673,0.0,0.0,0.0,0.0,47.94661191,94.549058474,3.5084896087646484
362,0.0724,1.911589951,2.703315467,1.944809242,38.54,42.857142857,98.325991189,1.841085271,85.742574257,0.0,0.0,52.296450939,0.0,0.0,92.368681863,3.4904110431671143
363,0.0726,1.912947478,2.810185483,1.893102177,35.16,91.836734694,99.559471366,71.608527132,0.0,1.934826884,0.0,0.0,70.817120623,0.0,0.0,3.4159226417541504
364,0.0728,1.926819073,2.774883295,1.907221925,38.41,89.489795918,99.295154185,34.88372093,0.0,24.236252546,0.0,0.0,83.365758755,39.219712526,0.0,3.329981803894043
365,0.073,1.930224515,2.817788868,1.924892019,31.54,80.102040816,99.647577093,0.0,13.762376238,11.201629328,0.0,0.0,89.980544747,6.570841889,0.0,3.434173345565796
366,0.0732,1.92841033,2.745698659,1.937610949,33.9,89.795918367,99.735682819,0.0,52.277227723,6.211812627,0.0,0.0,67.217898833,0.0,9.71258672,3.3813023567199707
367,0.0734,1.929094483,2.745313255,1.934506519,36.24,86.326530612,99.471365639,48.255813953,0.0,96.33401222,0.0,8.559498956,0.0,12.628336756,0.0,3.3528265953063965
368,0.0736,1.93970857,2.806349384,1.903556766,37.75,97.959183673,99.030837004,74.80620155,0.0,89.714867617,0.0,0.0,2.33463035,1.437371663,0.0,3.2386064529418945
369,0.0738,1.940711599,2.756797812,1.938991525,36.6,88.775510204,99.207048458,0.0,80.396039604,0.0,0.0,0.0,82.879377432,0.0,0.0,3.327420711517334
370,0.074,1.94567363,2.80649131,1.909536299,36.16,92.346938776,99.735682819,0.0,44.158415842,90.631364562,0.0,0.626304802,23.054474708,0.0,0.0,3.2009313106536865
371,0.0742,1.94691802,2.733656351,1.976808313,34.25,88.775510204,97.444933921,0.0,5.04950495,0.0,0.0,44.154488518,0.0,0.0,96.630327056,2.717639207839966
372,0.0744,1.957385096,2.748595836,1.954718779,36.64,93.775510204,98.942731278,62.015503876,0.0,0.0,0.0,0.0,95.525291829,0.0,0.0,2.8363890647888184
373,0.0746,1.964496098,2.730355619,1.968852385,34.63,72.244897959,99.911894273,0.0,34.95049505,0.0,0.0,38.100208768,0.0,0.0,89.494549058,2.7811203002929688
374,0.0748,2.032475391,2.553522496,2.072798908,23.88,76.326530612,0.0,0.0,0.0,0.0,0.0,75.052192067,0.0,0.0,91.278493558,2.787201404571533
375,0.075,2.034839552,2.568364756,2.040348181,31.01,82.142857143,94.36123348,0.0,47.425742574,0.0,0.0,0.0,72.568093385,0.0,0.0,2.744208812713623
376,0.0752,2.032354515,2.587846666,2.027528856,25.62,94.897959184,0.0,0.0,0.0,88.289205703,0.0,16.388308977,34.922178988,25.564681725,0.0,2.807067632675171
377,0.0754,2.033421973,2.574968227,2.040001572,24.97,69.591836735,0.0,0.0,0.0,0.0,0.0,66.492693111,97.178988327,18.377823409,0.0,2.793811082839966
378,0.0756,2.035808576,2.572277366,2.038582038,26.26,53.571428571,38.678414097,0.0,50.0,0.0,0.0,0.0,0.0,22.895277207,92.566897919,2.757261037826538
379,0.0758,2.041839643,2.589355372,2.033185175,21.96,96.836734694,8.45814978,0.0,0.0,0.0,0.0,16.910229645,96.206225681,0.0,0.0,2.693634271621704
380,0.076,2.039516285,2.621030845,2.040460406,23.48,81.326530612,5.9030837,43.217054264,0.0,22.606924644,0.0,0.0,79.377431907,0.0,0.0,2.7424216270446777
381,0.0762,2.042432268,2.598716009,2.02920249,29.8,92.959183673,88.281938326,20.445736434,0.0,0.0,0.0,0.0,0.0,0.0,84.836471754,2.6966686248779297
382,0.0764,2.043059092,2.624462446,2.02406583,21.1,95.0,4.669603524,11.918604651,0.0,0.0,0.0,0.0,97.568093385,0.0,0.0,2.539705991744995
383,0.0766,2.046072056,2.604093584,2.034309069,24.67,84.897959184,11.453744493,41.085271318,0.0,18.533604888,0.0,0.0,87.451361868,0.0,0.0,2.6196236610412598
384,0.0768,2.045114656,2.604165388,2.04859687,22.77,76.836734694,0.0,0.0,0.0,0.0,56.726457399,0.0,99.027237354,0.0,0.0,2.6649956703186035
385,0.077,2.049178096,2.589088811,2.045910425,25.04,82.857142857,98.149779736,36.918604651,0.0,0.0,0.0,0.0,19.163424125,0.0,0.0,2.700406551361084
386,0.0772,2.048419918,2.627253934,2.025512534,20.49,97.959183673,0.0,4.166666667,0.0,6.211812627,0.0,0.0,95.817120623,0.0,0.0,2.609761953353882
387,0.0774,2.054591681,2.633202882,2.03191544,24.21,88.367346939,14.537444934,41.666666667,0.0,0.0,0.0,0.0,93.385214008,0.0,0.0,2.683347225189209
388,0.0776,2.05408493,2.59732382,2.048416826,27.05,84.081632653,54.0969163,30.717054264,0.0,0.0,0.0,0.0,92.412451362,0.0,0.0,2.677311658859253
389,0.0778,2.053969634,2.624719446,2.030633681,22.27,99.591836735,10.044052863,0.0,0.0,0.0,0.0,0.0,60.311284047,0.0,51.238850347,2.72782826423645
390,0.078,2.055831636,2.617629192,2.034570736,27.49,93.265306122,99.383259912,0.0,13.663366337,0.0,0.0,0.0,55.350194553,0.0,0.0,2.6506495475769043
391,0.0782,2.057075798,2.585343244,2.06233102,27.76,98.979591837,81.321585903,0.0,0.0,0.0,19.730941704,0.0,68.774319066,0.0,0.0,2.6621909141540527
392,0.0784,2.06350827,2.606583578,2.046493047,29.94,98.775510204,95.418502203,0.0,0.0,0.0,0.0,0.0,34.824902724,0.0,57.978196234,2.6883034706115723
393,0.0786,2.061219883,2.610689672,2.042765573,22.7,69.591836735,0.0,56.686046512,0.0,0.0,0.0,0.0,97.568093385,0.0,0.0,2.537842273712158
394,0.0788,2.06484009,2.596502993,2.049452812,20.81,95.816326531,6.696035242,6.879844961,0.0,0.0,0.0,0.0,96.108949416,0.0,0.693756194,2.6765987873077393
395,0.079,2.064755003,2.578607106,2.069827209,19.27,6.93877551,0.0,0.0,0.0,0.0,0.0,87.682672234,99.124513619,0.0,0.0,2.6320950984954834
396,0.0792,2.065231249,2.576561996,2.06153177,27.92,95.306122449,48.634361233,0.0,0.0,6.415478615,0.0,34.342379958,88.910505837,0.0,0.0,2.62307071685791
397,0.0794,2.067675231,2.577635826,2.06162499,23.52,87.448979592,0.0,1.937984496,0.0,0.0,2.242152466,42.066805846,0.194552529,7.700205339,96.630327056,2.6325340270996094
398,0.0796,2.069410266,2.608651424,2.06409712,19.78,94.081632653,3.612334802,0.0,0.0,0.0,0.0,0.0,89.105058366,0.0,9.811694747,2.502885103225708
399,0.0798,2.073572161,2.584848521,2.080612635,28.51,89.489795918,68.370044053,5.135658915,0.0,0.0,0.0,37.056367432,76.848249027,0.0,0.0,2.5073084831237793
400,0.08,2.0807235,2.578631558,2.073359768,25.89,88.673469388,52.775330396,14.050387597,0.0,0.0,0.0,0.0,93.093385214,1.950718686,0.0,2.588751792907715
401,0.0802,2.076792534,2.574620303,2.073617873,24.55,94.285714286,39.647577093,0.0,0.0,0.0,17.264573991,0.0,90.175097276,0.0,0.0,
402,0.0804,2.078459431,2.584469861,2.075923564,23.65,97.040816327,97.621145374,0.0,11.089108911,19.755600815,0.0,0.0,0.0,0.0,0.0,
403,0.0806,2.079059594,2.575913163,2.096428751,24.54,58.367346939,0.0,71.608527132,0.0,0.0,0.0,0.0,52.626459144,0.0,59.663032706,
404,0.0808,2.08253257,2.581728684,2.079034914,19.67,97.857142857,0.0,0.0,0.0,0.0,0.0,0.0,0.0,2.464065708,97.522299306,
405,0.081,2.084745812,2.559066821,2.088585734,26.31,57.346938776,0.0,0.0,76.831683168,76.17107943,0.0,0.0,53.015564202,0.0,0.0,
406,0.0812,2.091272465,2.599575501,2.07372296,24.58,70.714285714,0.0,0.0,0.0,0.0,0.0,79.018789144,92.80155642,0.0,5.351833499,
407,0.0814,2.094440927,2.589255147,2.072934486,30.18,93.673469388,97.004405286,0.0,0.0,0.0,0.0,0.0,72.568093385,25.975359343,0.0,
408,0.0816,2.093023788,2.565332223,2.096391108,25.28,84.081632653,0.0,0.0,0.0,0.0,0.0,0.0,93.093385214,76.694045175,0.0,
409,0.0818,2.093826145,2.613469496,2.068068434,23.74,93.87755102,0.0,0.0,0.0,0.0,0.0,16.701461378,97.859922179,29.568788501,0.0,
410,0.082,2.096436474,2.627600191,2.074354008,23.16,65.816326531,0.0,65.019379845,0.0,0.0,0.0,0.0,97.276264591,0.0,0.0,
411,0.0822,2.100804865,2.615590502,2.080001074,19.98,95.612244898,4.581497797,0.0,0.0,0.0,0.0,0.0,98.151750973,0.0,0.0,
412,0.0824,2.110238202,2.583479989,2.094156199,21.26,86.12244898,0.0,29.263565891,0.0,0.0,0.0,0.0,0.0,0.0,97.125867195,
413,0.0826,2.104170549,2.592682903,2.09910399,21.59,85.306122449,1.497797357,0.0,0.0,0.0,30.381165919,0.0,93.871595331,0.0,6.937561943,
414,0.0828,2.107489654,2.562235554,2.10509544,21.61,98.979591837,99.471365639,0.0,0.0,0.0,0.0,0.0,6.031128405,0.0,0.0,
415,0.083,2.109608988,2.574414995,2.100065622,22.48,95.204081633,0.0,0.0,0.0,0.0,0.0,31.732776618,98.346303502,0.0,0.0,
416,0.0832,2.113767637,2.604296183,2.098380766,23.34,75.102040816,0.0,0.0,56.930693069,0.0,0.0,0.0,98.443579767,0.0,1.090188305,
417,0.0834,2.116957054,2.583289331,2.104892386,23.27,98.163265306,99.383259912,0.0,0.0,0.0,0.0,0.0,23.054474708,0.0,0.0,
418,0.0836,2.124684748,2.634772703,2.082484409,21.64,95.102040816,0.0,0.0,20.891089109,0.0,0.0,0.0,98.929961089,0.0,0.396432111,
419,0.0838,2.131363021,2.588526099,2.111403799,20.82,97.959183673,98.502202643,0.0,0.396039604,0.0,0.0,0.0,0.0,0.0,0.0,
420,0.084,2.136794641,2.550035154,2.129033881,22.55,93.571428571,0.0,34.593023256,0.0,0.0,0.0,0.0,95.428015564,0.0,0.0,
421,0.0842,2.13334086,2.539797478,2.134571176,21.7,66.020408163,0.264317181,48.449612403,0.0,0.0,0.0,0.0,99.221789883,0.0,0.0,
422,0.0844,2.146021751,2.488413488,2.186540459,23.13,60.510204082,0.0,0.0,0.792079208,0.0,0.0,88.622129436,0.0,0.0,85.530227948,
423,0.0846,2.308619208,2.309755485,2.31567059,10.1,0.0,0.0,0.0,100.0,0.0,0.0,0.0,0.0,0.0,0.0,
424,0.0848,2.308841357,2.309221803,2.305225243,9.82,0.0,0.0,0.0,0.0,100.0,0.0,0.0,0.0,0.0,0.0,
425,0.085,2.30991555,2.310654382,2.310921941,8.92,0.0,0.0,0.0,0.0,0.0,100.0,0.0,0.0,0.0,0.0,
426,0.0852,2.309217995,2.309759293,2.307844988,10.32,0.0,0.0,100.0,0.0,0.0,0.0,0.0,0.0,0.0,0.0,
427,0.0854,2.309798242,2.311076362,2.309055661,11.35,0.0,100.0,0.0,0.0,0.0,0.0,0.0,0.0,0.0,0.0,
428,0.0856,2.309391231,2.310425509,2.3123995,11.35,0.0,100.0,0.0,0.0,0.0,0.0,0.0,0.0,0.0,0.0,
429,0.0858,2.309800085,2.310637597,2.311901512,10.09,0.0,0.0,0.0,0.0,0.0,0.0,0.0,0.0,0.0,100.0,
430,0.086,2.30987527,2.310930016,2.312406704,11.35,0.0,100.0,0.0,0.0,0.0,0.0,0.0,0.0,0.0,0.0,
431,0.0862,2.309818786,2.316403957,2.305421937,11.35,0.0,100.0,0.0,0.0,0.0,0.0,0.0,0.0,0.0,0.0,
432,0.0864,2.309552778,2.309863509,2.304353228,11.35,0.0,100.0,0.0,0.0,0.0,0.0,0.0,0.0,0.0,0.0,
433,0.0866,2.309469809,2.310204139,2.308921738,9.82,0.0,0.0,0.0,0.0,100.0,0.0,0.0,0.0,0.0,0.0,
434,0.0868,2.30917934,2.310423572,2.306201087,9.58,0.0,0.0,0.0,0.0,0.0,0.0,100.0,0.0,0.0,0.0,
435,0.087,2.309606651,2.309969645,2.306313812,10.28,0.0,0.0,0.0,0.0,0.0,0.0,0.0,100.0,0.0,0.0,
436,0.0872,2.30984586,2.311227733,2.312209245,10.09,0.0,0.0,0.0,0.0,0.0,0.0,0.0,0.0,0.0,100.0,
437,0.0874,2.309326413,2.309933596,2.306762103,10.1,0.0,0.0,0.0,100.0,0.0,0.0,0.0,0.0,0.0,0.0,
438,0.0876,2.309795516,2.31013059,2.303146894,10.28,0.0,0.0,0.0,0.0,0.0,0.0,0.0,100.0,0.0,0.0,
439,0.0878,2.309319758,2.311348759,2.303698763,9.58,0.0,0.0,0.0,0.0,0.0,0.0,100.0,0.0,0.0,0.0,
440,0.088,2.309249844,2.310144029,2.317275204,10.28,0.0,0.0,0.0,0.0,0.0,0.0,0.0,100.0,0.0,0.0,
441,0.0882,2.308996564,2.309723539,2.31360437,9.58,0.0,0.0,0.0,0.0,0.0,0.0,100.0,0.0,0.0,0.0,
442,0.0884,2.309738626,2.310896949,2.306150524,10.32,0.0,0.0,100.0,0.0,0.0,0.0,0.0,0.0,0.0,0.0,
443,0.0886,2.30920918,2.309552485,2.30604889,10.09,0.0,0.0,0.0,0.0,0.0,0.0,0.0,0.0,0.0,100.0,
444,0.0888,2.309124015,2.309325451,2.306170102,9.58,0.0,0.0,0.0,0.0,0.0,0.0,100.0,0.0,0.0,0.0,
445,0.089,2.310092371,2.310903911,2.308358127,10.1,0.0,0.0,0.0,100.0,0.0,0.0,0.0,0.0,0.0,0.0,
446,0.0892,2.309585284,2.310505238,2.306723996,10.28,0.0,0.0,0.0,0.0,0.0,0.0,0.0,100.0,0.0,0.0,
447,0.0894,2.309597537,2.312467246,2.303276352,11.35,0.0,100.0,0.0,0.0,0.0,0.0,0.0,0.0,0.0,0.0,
448,0.0896,2.309604718,2.310446344,2.312044539,9.58,0.0,0.0,0.0,0.0,0.0,0.0,100.0,0.0,0.0,0.0,
449,0.0898,2.309747394,2.310358769,2.304307385,10.09,0.0,0.0,0.0,0.0,0.0,0.0,0.0,0.0,0.0,100.0,
450,0.09,2.30933548,2.309658091,2.303128762,10.32,0.0,0.0,100.0,0.0,0.0,0.0,0.0,0.0,0.0,0.0,
