,L2_strength,Train_Loss,Train_Reg_Loss,Test_Loss,Test_Accuracy,r4
0,0.0,0.009980488,0.009980488,0.106987055,97.7,89.68377685546875
1,0.0002,0.076029358,0.198179505,0.090888711,97.39,24.71337127685547
2,0.0004,0.110278393,0.273092407,0.110741601,96.7,20.17510986328125
3,0.0006,0.140902876,0.337956129,0.124320473,96.53,18.122419357299805
4,0.0008,0.167140955,0.390103895,0.161491478,95.81,16.694419860839844
5,0.001,0.190433665,0.435112819,0.171653825,95.53,15.642223358154297
6,0.0012,0.215255889,0.47657581,0.208029535,94.29,14.756916999816895
7,0.0014,0.234308645,0.513436614,0.227944059,94.07,14.120096206665039
8,0.0016,0.258100573,0.553646886,0.247802233,93.93,13.591042518615723
9,0.0018,0.277396279,0.587899301,0.255086055,93.34,13.133989334106445
10,0.002,0.293710695,0.617672091,0.289041608,93.08,12.727164268493652
11,0.0022,0.311979836,0.646259087,0.297443886,92.33,12.3266019821167
12,0.0024,0.329483397,0.676960997,0.34518686,90.97,12.032553672790527
13,0.0026,0.3442196,0.699515813,0.329283317,91.79,11.689841270446777
14,0.0028,0.359760653,0.725881802,0.35027016,91.16,11.434926986694336
15,0.003,0.373764608,0.749105871,0.396560384,89.11,11.185425758361816
16,0.0032,0.389732421,0.777072777,0.369752133,90.51,11.001993179321289
17,0.0034,0.4006806,0.793526797,0.388775741,90.43,10.749092102050781
18,0.0036,0.415029379,0.817384448,0.412768249,89.74,10.571910858154297
19,0.0038,0.428164848,0.836267314,0.407921223,89.68,10.363174438476562
20,0.004,0.438304386,0.861527195,0.414798583,90.06,10.286190032958984
21,0.0042,0.451718604,0.876739686,0.456938667,88.18,10.05959701538086
22,0.0044,0.461954941,0.895588986,0.466250275,88.1,9.927395820617676
23,0.0046,0.475742442,0.917468188,0.468609432,88.79,9.79935359954834
24,0.0048,0.486605443,0.927865673,0.463778404,89.08,9.587971687316895
25,0.005,0.497206328,0.955096495,0.469637759,88.73,9.56964111328125
26,0.0052,0.506367172,0.972039249,0.480328175,88.82,9.46320915222168
27,0.0054,0.514695443,0.986020084,0.501461529,87.22,9.342501640319824
28,0.0056,0.524101382,0.995333828,0.495183607,88.25,9.173256874084473
29,0.0058,0.534502872,1.022306183,0.511658361,88.13,9.17082405090332
30,0.006,0.543547385,1.030776984,0.54458633,86.23,9.011378288269043
31,0.0062,0.554759404,1.047445504,0.548759057,86.82,8.914342880249023
32,0.0064,0.566530904,1.056129,0.542135202,87.22,8.746410369873047
33,0.0066,0.580973679,1.069744939,0.573056576,85.88,8.605594635009766
34,0.0068,0.587299116,1.085754078,0.559923309,86.87,8.561670303344727
35,0.007,0.599655553,1.103336667,0.570021235,86.73,8.482596397399902
36,0.0072,0.601920928,1.10565775,0.587591544,87.12,8.364415168762207
37,0.0074,0.612262749,1.121297521,0.610423125,84.72,8.293882369995117
38,0.0076,0.619394448,1.142440304,0.598889992,85.93,8.295891761779785
39,0.0078,0.626191369,1.153784674,0.598128011,86.32,8.224364280700684
40,0.008,0.634590624,1.165100756,0.607376586,86.92,8.143326759338379
41,0.0082,0.644331757,1.186713473,0.641022751,82.34,8.132903099060059
42,0.0084,0.652091363,1.188145138,0.636731025,85.97,7.988487243652344
43,0.0086,0.660969618,1.198523256,0.639965907,85.94,7.906088829040527
44,0.0088,0.6668819,1.219297717,0.649875437,83.87,7.923038005828857
45,0.009,0.67626066,1.232498419,0.640245294,85.69,7.8615641593933105
46,0.0092,0.685260035,1.248558939,0.658808794,84.65,7.824841499328613
47,0.0094,0.693369072,1.255367398,0.68133646,83.62,7.732208728790283
48,0.0096,0.699904918,1.261125157,0.673401864,84.75,7.6459431648254395
49,0.0098,0.706459714,1.26903001,0.696992613,85.3,7.576617240905762
50,0.01,0.715331231,1.281548195,0.686384187,85.12,7.5247392654418945
51,0.0102,0.72640071,1.291621618,0.72334812,83.91,7.444045543670654
52,0.0104,0.739420805,1.303596486,0.735638847,83.3,7.365301132202148
53,0.0106,0.749529129,1.318927945,0.719194293,84.13,7.329179286956787
54,0.0108,0.782481175,1.314313445,0.799887912,79.2,7.017387866973877
55,0.011,0.801100563,1.337613537,0.759674236,81.43,6.983831882476807
56,0.0112,0.806868811,1.338066272,0.764776707,81.35,6.886824131011963
57,0.0114,0.812294696,1.341284894,0.787938921,81.26,6.811949253082275
58,0.0116,0.819368066,1.356397612,0.826238071,77.33,6.80409049987793
59,0.0118,0.826205245,1.358034438,0.82214223,80.39,6.713439464569092
60,0.012,0.831363196,1.364547599,0.814092287,81.13,6.665736198425293
61,0.0122,0.835324229,1.378853393,0.812959849,79.58,6.67469596862793
62,0.0124,0.842239737,1.386229284,0.827580444,78.67,6.623452663421631
63,0.0126,0.84934973,1.397085877,0.821891202,80.07,6.593263626098633
64,0.0128,0.854211629,1.405229891,0.831358229,80.5,6.56112003326416
65,0.013,0.862515948,1.415477591,0.840127701,78.88,6.521925449371338
66,0.0132,0.868657355,1.415284862,0.842169238,80.46,6.43515157699585
67,0.0134,0.872043179,1.428619742,0.843184176,79.71,6.4448089599609375
68,0.0136,0.880465435,1.445599173,0.877198572,78.78,6.446235656738281
69,0.0138,0.88699228,1.460466393,0.865118595,79.78,6.446401596069336
70,0.014,0.893601148,1.456955457,0.895003124,74.92,6.34346866607666
71,0.0142,0.898659702,1.465312689,0.869278434,78.77,6.317051410675049
72,0.0144,0.907054738,1.48024092,0.87266415,80.32,6.309088230133057
73,0.0146,0.910799565,1.481445843,0.874471467,78.54,6.251828670501709
74,0.0148,0.92069681,1.485994662,0.893658931,78.59,6.180274963378906
75,0.015,0.929296502,1.49119706,0.905413843,80.34,6.1204609870910645
76,0.0152,0.933711976,1.486487253,0.920209345,78.64,6.030488967895508
77,0.0154,0.939318809,1.501951756,0.953115209,72.61,6.044386386871338
78,0.0156,0.944767558,1.504877743,0.952749564,78.91,5.99203634262085
79,0.0158,0.9549527,1.527770747,0.926296282,76.74,6.021154403686523
80,0.016,0.965236033,1.543271311,0.930892604,76.22,6.01059103012085
81,0.0162,0.973350306,1.536826208,0.950942943,77.35,5.897665977478027
82,0.0164,0.979707848,1.546134209,0.963102532,72.45,5.876920223236084
83,0.0166,0.99239166,1.559020791,0.957514764,75.84,5.8424553871154785
84,0.0168,1.013924215,1.557735711,1.035990473,71.86,5.6894402503967285
85,0.017,1.082534824,1.547471503,1.076963097,66.88,5.229647636413574
86,0.0172,1.08311199,1.561645313,1.070109159,67.04,5.274628162384033
87,0.0174,1.089734591,1.554993229,1.094179295,63.83,5.1709771156311035
88,0.0176,1.093584482,1.569175028,1.065836252,67.82,5.198287487030029
89,0.0178,1.097824586,1.57925139,1.090586074,66.69,5.200620174407959
90,0.018,1.102403661,1.584208085,1.079167857,67.97,5.173675060272217
91,0.0182,1.109343364,1.583580264,1.103443092,65.57,5.104602813720703
92,0.0184,1.112180574,1.582564406,1.097293684,65.02,5.056118965148926
93,0.0186,1.116344799,1.599032445,1.122716567,64.95,5.094207763671875
94,0.0188,1.121448685,1.59900303,1.106745985,64.93,5.040022373199463
95,0.019,1.126249691,1.594408122,1.138442609,64.74,4.963860988616943
96,0.0192,1.13302745,1.600967025,1.137327495,67.38,4.936785697937012
97,0.0194,1.138530365,1.613880614,1.117254442,70.51,4.950008869171143
98,0.0196,1.142340109,1.631022322,1.163873716,61.09,4.993272304534912
99,0.0198,1.146993862,1.63606211,1.122281359,63.45,4.969951629638672
100,0.02,1.153960745,1.633424169,1.1292942,66.32,4.896240711212158
101,0.0202,1.15643983,1.63055231,1.136998895,64.77,4.84467887878418
102,0.0204,1.15941265,1.624136687,1.165744709,60.36,4.77290153503418
103,0.0206,1.169667826,1.643292036,1.142236112,66.37,4.7949419021606445
104,0.0208,1.172467021,1.64697071,1.152186038,62.48,4.776261806488037
105,0.021,1.175144342,1.65327586,1.160864816,66.71,4.771600246429443
106,0.0212,1.180809453,1.661345239,1.165038233,62.53,4.760964393615723
107,0.0214,1.185923709,1.667456771,1.167203991,62.6,4.743579387664795
108,0.0216,1.190354554,1.662065351,1.169265121,64.24,4.673163890838623
109,0.0218,1.198254126,1.67503212,1.173855396,61.44,4.676596164703369
110,0.022,1.201049187,1.673980538,1.195116982,63.1,4.636472702026367
111,0.0222,1.208759598,1.677880301,1.181263187,63.14,4.596907615661621
112,0.0224,1.210368608,1.67454829,1.196468526,63.82,4.552175998687744
113,0.0226,1.217532809,1.679005801,1.208005778,63.74,4.51875638961792
114,0.0228,1.226740568,1.699846308,1.19645298,63.73,4.555244445800781
115,0.023,1.227353814,1.678525086,1.226074751,65.26,4.429011344909668
116,0.0232,1.236134165,1.69402658,1.229635808,62.29,4.442605018615723
117,0.0234,1.240948926,1.707428092,1.213718311,60.87,4.4648637771606445
118,0.0236,1.246782374,1.702900781,1.252645974,61.91,4.396254062652588
119,0.0238,1.25405576,1.698606674,1.255215153,62.72,4.321876049041748
120,0.024,1.267699243,1.701484612,1.27861562,57.64,4.25139856338501
121,0.0242,1.275430973,1.718747686,1.252314218,60.33,4.280055046081543
122,0.0244,1.283669872,1.721487328,1.276200592,56.36,4.235957622528076
123,0.0246,1.290802341,1.723012181,1.280653859,58.52,4.191599369049072
124,0.0248,1.294797826,1.724084016,1.289847975,58.54,4.160520076751709
125,0.025,1.304420733,1.734707855,1.280373349,59.55,4.148672580718994
126,0.0252,1.309854785,1.722883058,1.306804235,58.04,4.048457622528076
127,0.0254,1.314278075,1.725464605,1.318359683,58.83,4.023486614227295
128,0.0256,1.321147084,1.729180263,1.317164302,56.41,3.992342233657837
129,0.0258,1.328608073,1.743004679,1.317705189,54.44,4.007728099822998
130,0.026,1.337630079,1.744425358,1.308877633,57.51,3.9554989337921143
131,0.0262,1.343225847,1.755246868,1.326929743,55.48,3.9656012058258057
132,0.0264,1.354222224,1.754566591,1.342730075,53.45,3.894170045852661
133,0.0266,1.364277008,1.748607632,1.360737655,52.3,3.8011209964752197
134,0.0268,1.472244498,1.72804797,1.490320522,43.16,3.0894830226898193
135,0.027,1.475443498,1.730991344,1.453653025,43.76,3.0764808654785156
136,0.0272,1.476727347,1.723170953,1.5125942,44.25,3.010054349899292
137,0.0274,1.478373672,1.734703142,1.46909493,44.53,3.0586092472076416
138,0.0276,1.481610394,1.736124016,1.482224821,44.17,3.036693572998047
139,0.0278,1.480462135,1.73630384,1.478622336,41.75,3.033634662628174
140,0.028,1.484134003,1.731743595,1.477133185,44.34,2.9737517833709717
141,0.0282,1.485831796,1.747206168,1.482918366,43.81,3.044436454772949
142,0.0284,1.48804511,1.744889419,1.477241211,45.59,3.007293462753296
143,0.0286,1.488727221,1.749151618,1.481828277,40.26,3.017573356628418
144,0.0288,1.492605401,1.754048095,1.474114652,43.22,3.0129506587982178
145,0.029,1.494639483,1.736360126,1.51801686,43.48,2.8870737552642822
146,0.0292,1.496545017,1.749777551,1.489651014,45.3,2.944885015487671
147,0.0294,1.496113393,1.741706948,1.486054317,42.6,2.8902461528778076
148,0.0296,1.49964507,1.745060431,1.492177017,42.76,2.879420042037964
149,0.0298,1.500396838,1.751572964,1.523642896,42.15,2.9032273292541504
150,0.03,1.500950669,1.764753922,1.497737131,42.11,2.9653737545013428
151,0.0302,1.504142131,1.757936315,1.491083611,42.7,2.8989274501800537
152,0.0304,1.505320339,1.756659729,1.504962516,47.09,2.875368356704712
153,0.0306,1.506130013,1.7541594,1.525202681,44.57,2.847022294998169
154,0.0308,1.509275962,1.764197324,1.511288821,44.32,2.876919746398926
155,0.031,1.511665385,1.765935564,1.510043084,42.0,2.863959312438965
156,0.0312,1.514264934,1.772589976,1.486433927,43.57,2.8774375915527344
157,0.0314,1.515223041,1.768491847,1.511353251,43.02,2.840049982070923
158,0.0316,1.518591092,1.771240728,1.509467833,41.91,2.8275859355926514
159,0.0318,1.518311343,1.772552339,1.505275403,40.4,2.827543020248413
160,0.032,1.519776033,1.779008516,1.501851474,42.4,2.8462283611297607
161,0.0322,1.524633393,1.78775616,1.496911579,41.85,2.858586072921753
162,0.0324,1.522799228,1.768666613,1.526521133,45.15,2.754723072052002
163,0.0326,1.522789069,1.772970851,1.514238172,44.66,2.7702505588531494
164,0.0328,1.528156538,1.783204725,1.514868857,43.91,2.788522720336914
165,0.033,1.527846296,1.780945976,1.51905796,40.64,2.7694201469421387
166,0.0332,1.52941544,1.786516919,1.51429389,40.88,2.7828080654144287
167,0.0334,1.530598543,1.784273209,1.514282225,41.1,2.7559118270874023
168,0.0336,1.532904688,1.79487376,1.5318757,40.97,2.792257070541382
169,0.0338,1.534216725,1.793428511,1.511957945,41.78,2.769293785095215
170,0.034,1.536118776,1.783836478,1.521016891,43.86,2.6992249488830566
171,0.0342,1.538336684,1.794080017,1.523524565,40.46,2.734570264816284
172,0.0344,1.539757133,1.792303923,1.539285188,40.87,2.7095160484313965
173,0.0346,1.541012363,1.787385312,1.535841443,40.92,2.6684463024139404
174,0.0348,1.542554778,1.801969726,1.527927289,42.33,2.7302842140197754
175,0.035,1.545387578,1.794274199,1.550977676,40.4,2.666654586791992
176,0.0352,1.546262149,1.802127006,1.527530584,41.28,2.696087598800659
177,0.0354,1.546999238,1.793032084,1.537096641,43.1,2.636300563812256
178,0.0356,1.548555719,1.794205263,1.555783916,42.78,2.626836061477661
179,0.0358,1.551808889,1.808325635,1.527863326,40.67,2.676802635192871
180,0.036,1.554184255,1.799704175,1.547662383,42.13,2.6115126609802246
181,0.0362,1.555835706,1.809615839,1.542034566,42.03,2.647735118865967
182,0.0364,1.55903288,1.806837105,1.540645798,40.98,2.609177589416504
183,0.0366,1.556863149,1.805492699,1.546837042,42.96,2.6063685417175293
184,0.0368,1.560853989,1.819056872,1.551880676,41.17,2.648845672607422
185,0.037,1.559886976,1.807577265,1.551521203,41.1,2.587340831756592
186,0.0372,1.561712848,1.810093063,1.544070837,40.72,2.583967447280884
187,0.0374,1.566272956,1.826456598,1.560285935,41.25,2.637571096420288
188,0.0376,1.567123293,1.810656314,1.569016344,39.34,2.5449836254119873
189,0.0378,1.567779806,1.809741338,1.564915965,44.59,2.5300393104553223
190,0.038,1.570795643,1.803650593,1.566829436,42.34,2.4754316806793213
191,0.0382,1.571966482,1.813641748,1.556513931,40.44,2.5152690410614014
192,0.0384,1.57273809,1.819729734,1.606383434,35.96,2.5361533164978027
193,0.0386,1.57400033,1.831425908,1.552495163,43.96,2.582451581954956
194,0.0388,1.575873869,1.827994295,1.56603372,39.37,2.549107551574707
195,0.039,1.577684622,1.83948187,1.545431159,40.69,2.590897560119629
196,0.0392,1.579765848,1.821639664,1.568793633,41.62,2.4839987754821777
197,0.0394,1.578786477,1.821431479,1.569370047,41.49,2.481632947921753
198,0.0396,1.579747629,1.826073217,1.560971868,44.51,2.4940614700317383
199,0.0398,1.581912423,1.829676851,1.5783006,37.83,2.495042324066162
200,0.04,1.584984533,1.819394438,1.575452858,40.07,2.42079496383667
201,0.0402,1.587287796,1.834603025,1.568863032,38.41,2.4803466796875
202,0.0404,1.587853259,1.840200494,1.575882518,38.08,2.49924373626709
203,0.0406,1.589246288,1.844582961,1.561518816,39.58,2.5078036785125732
204,0.0408,1.591631447,1.832914361,1.586174264,42.04,2.4318299293518066
205,0.041,1.591282403,1.843329377,1.572106566,40.66,2.47941255569458
206,0.0412,1.59281016,1.842676905,1.574889626,38.24,2.4626667499542236
207,0.0414,1.595858478,1.838537204,1.5711477,40.41,2.421116590499878
208,0.0416,1.596933304,1.835644812,1.608293122,38.28,2.3954660892486572
209,0.0418,1.599734856,1.825692447,1.600704219,39.83,2.325012683868408
210,0.042,1.60094401,1.839108567,1.596882933,40.06,2.381298780441284
211,0.0422,1.601259126,1.844768278,1.583375575,40.84,2.4021570682525635
212,0.0424,1.60256959,1.839434488,1.598268779,40.5,2.3635642528533936
213,0.0426,1.605050751,1.857789079,1.582114113,39.53,2.435739040374756
214,0.0428,1.6047945,1.836399965,1.599959935,40.76,2.3262293338775635
215,0.043,1.607666741,1.8472244,1.59050133,39.56,2.3603196144104004
216,0.0432,1.607821328,1.84924286,1.587848449,39.91,2.363992691040039
217,0.0434,1.613266551,1.851920733,1.604517341,38.78,2.344982862472534
218,0.0436,1.61501543,1.849171001,1.619402138,39.59,2.3174428939819336
219,0.0438,1.614295162,1.846870883,1.600070393,43.47,2.3043324947357178
220,0.044,1.614050506,1.857171596,1.599781358,40.77,2.3506338596343994
221,0.0442,1.618703148,1.856878103,1.601706817,42.12,2.3213303089141846
222,0.0444,1.617289332,1.848822742,1.61845228,39.82,2.2835752964019775
223,0.0446,1.621304428,1.847710158,1.606110735,40.06,2.2530782222747803
224,0.0448,1.622275272,1.859059714,1.620115628,40.1,2.29899263381958
225,0.045,1.623734967,1.86465641,1.613997646,40.46,2.3138301372528076
226,0.0452,1.624035881,1.873579193,1.598229874,38.26,2.3496530055999756
227,0.0454,1.626169361,1.859489419,1.609029112,38.55,2.266982078552246
228,0.0456,1.626517418,1.85776709,1.611305283,39.79,2.2519466876983643
229,0.0458,1.629767234,1.859482422,1.609334728,38.85,2.2395570278167725
230,0.046,1.628883274,1.847796827,1.635072143,41.6,2.1815109252929688
231,0.0462,1.631094624,1.850697864,1.642939928,40.59,2.1802103519439697
232,0.0464,1.634177252,1.880284396,1.616487786,41.92,2.303048610687256
233,0.0466,1.635809929,1.876339005,1.622015116,38.21,2.2719085216522217
234,0.0468,1.638158798,1.87120479,1.611896368,37.82,2.2315051555633545
235,0.047,1.637117077,1.877149836,1.61114284,41.01,2.25988507270813
236,0.0472,1.638938436,1.866549374,1.65315452,38.12,2.1959657669067383
237,0.0474,1.639533515,1.876664743,1.614820769,38.2,2.236686944961548
238,0.0476,1.641422246,1.874972615,1.645409683,41.68,2.21506667137146
239,0.0478,1.645380417,1.854355532,1.654401782,41.31,2.090900421142578
240,0.048,1.643809194,1.885770276,1.628941231,39.47,2.245184898376465
241,0.0482,1.646563874,1.877025249,1.633617973,38.83,2.186631202697754
242,0.0484,1.647678826,1.876744269,1.647929731,37.57,2.175490140914917
243,0.0486,1.647775141,1.866250814,1.643259342,43.55,2.120232105255127
244,0.0488,1.651422395,1.87547388,1.643326506,40.68,2.1427128314971924
245,0.049,1.652717226,1.878319726,1.636890607,39.74,2.145724296569824
246,0.0492,1.652316032,1.874915538,1.646135377,38.08,2.127058982849121
247,0.0494,1.655048237,1.87423075,1.677268719,37.37,2.106393337249756
248,0.0496,1.655123767,1.866310179,1.648145811,40.04,2.063441276550293
249,0.0498,1.656366015,1.881386714,1.649889514,41.66,2.125673532485962
250,0.05,1.658437816,1.864788929,1.666855133,38.14,2.0315072536468506
251,0.0502,1.66089747,1.872536437,1.66068789,38.79,2.053269624710083
252,0.0504,1.663093201,1.885201029,1.647450682,39.65,2.099261999130249
253,0.0506,1.664251549,1.892087076,1.649377364,40.0,2.1219515800476074
254,0.0508,1.663109185,1.886066652,1.646723805,40.47,2.0949764251708984
255,0.051,1.665468873,1.881402616,1.678866824,37.86,2.0576672554016113
256,0.0512,1.66681347,1.899260028,1.64539624,39.37,2.130720853805542
257,0.0514,1.672542137,1.896328723,1.643371254,41.14,2.0865819454193115
258,0.0516,1.671653693,1.882312783,1.663761916,37.87,2.0205295085906982
259,0.0518,1.672025043,1.880379603,1.67021433,41.49,2.0055644512176514
260,0.052,1.673161643,1.890539462,1.653738743,39.16,2.044588565826416
261,0.0522,1.673069873,1.893733872,1.653162496,38.42,2.056035041809082
262,0.0524,1.67667144,1.881943831,1.6729118,38.06,1.9792451858520508
263,0.0526,1.677900183,1.894858403,1.693574461,38.56,2.030930995941162
264,0.0528,1.679950106,1.886707775,1.673298343,37.67,1.9788545370101929
265,0.053,1.678915967,1.891257877,1.674020027,40.98,2.0016121864318848
266,0.0532,1.679752156,1.889099886,1.666763764,38.53,1.9837106466293335
267,0.0534,1.682953487,1.909161645,1.662151635,37.92,2.058180809020996
268,0.0536,1.684625036,1.882385334,1.684263171,39.92,1.9208221435546875
269,0.0538,1.687030763,1.890436718,1.672113856,40.28,1.944422960281372
270,0.054,1.688492684,1.905573996,1.663625793,40.81,2.0049996376037598
271,0.0542,1.689449329,1.90067932,1.669076037,39.71,1.9741408824920654
272,0.0544,1.691623112,1.906230369,1.665873754,40.45,1.9861990213394165
273,0.0546,1.690669226,1.891832328,1.691042865,39.63,1.919454574584961
274,0.0548,1.691497263,1.90103282,1.681921746,40.19,1.9554134607315063
275,0.055,1.6934684,1.902109939,1.69467691,43.53,1.9476864337921143
276,0.0552,1.695110744,1.911499328,1.69058474,38.7,1.9799200296401978
277,0.0554,1.694812551,1.900723508,1.684804804,36.89,1.9279015064239502
278,0.0556,1.697574843,1.902900822,1.677639892,39.36,1.9216954708099365
279,0.0558,1.698698006,1.900128777,1.704696756,39.75,1.899965763092041
280,0.056,1.698778459,1.9025559,1.68446807,39.11,1.907585620880127
281,0.0562,1.702723757,1.89415411,1.698246595,38.84,1.845598578453064
282,0.0564,1.704551886,1.921316339,1.683513445,38.54,1.9604440927505493
283,0.0566,1.705192795,1.902074648,1.701687821,39.05,1.8650678396224976
284,0.0568,1.704503079,1.91721329,1.67849467,38.1,1.9351738691329956
285,0.057,1.708616648,1.912448796,1.694451315,39.07,1.8910322189331055
286,0.0572,1.709202609,1.925915137,1.700386533,35.53,1.946453332901001
287,0.0574,1.709469406,1.90043296,1.697631072,38.63,1.823976755142212
288,0.0576,1.712932601,1.896336344,1.729560991,38.35,1.78440260887146
289,0.0578,1.712289083,1.910711872,1.716014221,35.96,1.8528140783309937
290,0.058,1.71345462,1.907692954,1.704110466,38.79,1.8300100564956665
291,0.0582,1.713773437,1.90951277,1.700632147,42.13,1.8339080810546875
292,0.0584,1.716581738,1.895904474,1.735469597,34.08,1.7523113489151
293,0.0586,1.718912222,1.915843968,1.69453474,38.71,1.8331965208053589
294,0.0588,1.71978661,1.918596156,1.721245066,39.07,1.8387807607650757
295,0.059,1.722581944,1.910013483,1.726653528,40.86,1.7823596000671387
296,0.0592,1.721722366,1.910300418,1.711445135,40.95,1.7847801446914673
297,0.0594,1.721506225,1.914909398,1.716191344,36.01,1.8044239282608032
298,0.0596,1.725261685,1.92192429,1.709605516,34.97,1.8165098428726196
299,0.0598,1.724768261,1.907915684,1.71849834,41.31,1.7500474452972412
300,0.06,1.727524113,1.913924836,1.70868604,39.73,1.7625772953033447
301,0.0602,1.727150901,1.91658512,1.728199832,37.13,1.7739074230194092
302,0.0604,1.729406162,1.913560911,1.723211128,41.33,1.7461155652999878
303,0.0606,1.730879577,1.898444955,1.744781307,42.63,1.662860631942749
304,0.0608,1.731695079,1.918453459,1.716677209,39.39,1.7526220083236694
305,0.061,1.736805636,1.9333992,1.709781585,39.45,1.7952284812927246
306,0.0612,1.735853345,1.932749183,1.70840141,39.96,1.7936699390411377
307,0.0614,1.738938771,1.927140271,1.720740631,40.41,1.7507630586624146
308,0.0616,1.739312717,1.926447943,1.727067745,39.65,1.742959976196289
309,0.0618,1.741780959,1.928407115,1.72599205,34.93,1.7377688884735107
310,0.062,1.73772493,1.920505273,1.71617435,38.63,1.7169946432113647
311,0.0622,1.740872008,1.920292996,1.727755856,37.69,1.6984055042266846
312,0.0624,1.742689732,1.92409274,1.724721726,38.43,1.705021858215332
313,0.0626,1.744107145,1.925871997,1.730464599,39.91,1.7039928436279297
314,0.0628,1.7477184,1.93902382,1.721792272,36.19,1.745355248451233
315,0.063,1.745190492,1.92498706,1.731342131,36.28,1.6893528699874878
316,0.0632,1.746731186,1.941107638,1.721461874,36.6,1.7537323236465454
317,0.0634,1.746284577,1.911354724,1.747045414,38.34,1.6135770082473755
318,0.0636,1.749965841,1.937194612,1.741004462,40.94,1.7157648801803589
319,0.0638,1.751167547,1.930961109,1.758957,39.98,1.6787140369415283
320,0.064,1.751347733,1.920878892,1.74965347,40.77,1.6275516748428345
321,0.0642,1.755661233,1.931639398,1.742102433,41.55,1.6556246280670166
322,0.0644,1.754628825,1.917180393,1.761072391,35.93,1.5887393951416016
323,0.0646,1.755169592,1.915151941,1.77138542,33.53,1.5736920833587646
324,0.0648,1.757048817,1.924125886,1.748698859,37.26,1.6057240962982178
325,0.065,1.757379645,1.923074007,1.754845324,37.52,1.5966038703918457
326,0.0652,1.759835658,1.926950639,1.754625736,36.46,1.6009726524353027
327,0.0654,1.760530131,1.920058063,1.758999976,41.17,1.5618146657943726
328,0.0656,1.761384298,1.946975785,1.7338351,40.68,1.6820042133331299
329,0.0658,1.761111565,1.940814765,1.760664261,36.85,1.6525893211364746
330,0.066,1.764110862,1.929741939,1.753784384,40.21,1.5841596126556396
331,0.0662,1.766166167,1.929268351,1.754040651,39.63,1.5696430206298828
332,0.0664,1.766552277,1.929946131,1.756694031,40.5,1.5686780214309692
333,0.0666,1.769525045,1.935995114,1.757910867,33.76,1.5809966325759888
334,0.0668,1.768930156,1.92962784,1.760450934,39.11,1.551016926765442
335,0.067,1.767914366,1.930334572,1.772842309,37.7,1.5569785833358765
336,0.0672,1.77102007,1.94048271,1.760251571,35.96,1.5880067348480225
337,0.0674,1.771073901,1.917060252,1.787676431,36.43,1.4717233180999756
338,0.0676,1.774508727,1.94558116,1.753618682,37.51,1.5908039808273315
339,0.0678,1.774207591,1.926237974,1.770055306,37.84,1.4974431991577148
340,0.068,1.776392797,1.946885655,1.75486169,38.46,1.5834290981292725
341,0.0682,1.777387551,1.945421667,1.76086068,36.88,1.5696635246276855
342,0.0684,1.778165115,1.94718143,1.754101765,39.06,1.5719410181045532
343,0.0686,1.7767802,1.933511432,1.768267881,39.32,1.511526346206665
344,0.0688,1.780058839,1.942190134,1.767073129,40.51,1.535109043121338
345,0.069,1.783649355,1.94718063,1.764420003,36.63,1.5394864082336426
346,0.0692,1.780217788,1.934770873,1.766590891,38.76,1.4944651126861572
347,0.0694,1.784156817,1.941139043,1.77093204,36.7,1.503991961479187
348,0.0696,1.783824134,1.94229749,1.794332264,37.96,1.508945345878601
349,0.0698,1.786519158,1.949213761,1.769532731,37.78,1.5267181396484375
350,0.07,1.786021338,1.941426764,1.767995002,41.11,1.489992380142212
351,0.0702,1.787742925,1.938192882,1.788781832,38.85,1.4639540910720825
352,0.0704,1.78860317,1.94562332,1.832015034,39.14,1.4934523105621338
353,0.0706,1.789496687,1.947922344,1.769587802,37.93,1.497995138168335
354,0.0708,1.79131618,1.94824418,1.77278093,36.64,1.4887903928756714
355,0.071,1.791473295,1.958291143,1.765664757,36.77,1.5328232049942017
356,0.0712,1.792005895,1.945440179,1.80612133,34.44,1.4679837226867676
357,0.0714,1.793062238,1.928301791,1.803237958,36.25,1.3762671947479248
358,0.0716,1.795812496,1.955787993,1.771246629,36.91,1.494755744934082
359,0.0718,1.794005728,1.939189134,1.7833274,37.89,1.4219890832901
360,0.072,1.79669547,1.957466855,1.782125312,41.07,1.4943010807037354
361,0.0722,1.796588078,1.949454507,1.785796421,36.02,1.4550819396972656
362,0.0724,1.797076183,1.943951378,1.794142979,35.04,1.4243113994598389
363,0.0726,1.799266244,1.960543867,1.773821146,34.01,1.4904545545578003
364,0.0728,1.800225512,1.938802817,1.79357779,36.79,1.3796863555908203
365,0.073,1.802342803,1.950244321,1.783370712,35.59,1.4233932495117188
366,0.0732,1.802630998,1.951011129,1.803921756,34.38,1.4237453937530518
367,0.0734,1.804141358,1.962644012,1.775148074,36.65,1.4695022106170654
368,0.0736,1.802712594,1.960979993,1.799537331,31.57,1.4664146900177002
369,0.0738,1.807513682,1.935512475,1.814469246,33.81,1.3169666528701782
370,0.074,1.805485931,1.951906161,1.792177531,39.8,1.4066455364227295
371,0.0742,1.806047809,1.953927934,1.802909167,36.4,1.4117342233657837
372,0.0744,1.807940217,1.930883169,1.818894893,37.27,1.28548002243042
373,0.0746,1.808870628,1.945838422,1.80640319,38.41,1.3550015687942505
374,0.0748,1.808121131,1.947968401,1.808981059,41.6,1.367339015007019
375,0.075,1.810326116,1.95151556,1.81542315,31.82,1.3720515966415405
376,0.0752,1.811611501,1.950810355,1.805384747,37.3,1.3605324029922485
377,0.0754,1.813511069,1.954964753,1.80498403,39.62,1.3696874380111694
378,0.0756,1.813428927,1.951526796,1.803997923,36.7,1.3515515327453613
379,0.0758,1.813462454,1.950344124,1.821870562,36.54,1.3438105583190918
380,0.076,1.813028963,1.961378718,1.795602531,41.34,1.3971294164657593
381,0.0762,1.815902086,1.954707286,1.799068714,37.47,1.3496631383895874
382,0.0764,1.81502653,1.945404646,1.829839971,31.94,1.3063383102416992
383,0.0766,1.816348795,1.95487852,1.804217039,39.25,1.3447980880737305
384,0.0768,1.817891014,1.957057771,1.806909126,35.58,1.34613037109375
385,0.077,1.82036113,1.949756383,1.81649039,40.95,1.2963247299194336
386,0.0772,1.817828348,1.948940182,1.825327297,36.84,1.3032035827636719
387,0.0774,1.820925855,1.960220072,1.806031599,37.27,1.3415166139602661
388,0.0776,1.822516098,1.946604824,1.825296034,38.78,1.2645479440689087
389,0.0778,1.823929825,1.960896434,1.820255169,33.42,1.3268369436264038
390,0.078,1.823550737,1.959253517,1.814106079,29.84,1.3190069198608398
391,0.0782,1.823821255,1.9508281,1.820167351,33.37,1.274412989616394
392,0.0784,1.8247584,1.961333498,1.811438703,31.26,1.3198596239089966
393,0.0786,1.824872975,1.949616564,1.816558725,37.32,1.2597891092300415
394,0.0788,1.826215005,1.965451117,1.817271132,34.34,1.3292688131332397
395,0.079,1.826280038,1.968338414,1.823199561,42.17,1.3409725427627563
396,0.0792,1.826442337,1.9530768,1.818239654,36.09,1.2644840478897095
397,0.0794,1.826661472,1.956697093,1.817220641,37.06,1.2797375917434692
398,0.0796,1.827425834,1.953166015,1.837427446,35.65,1.2568415403366089
399,0.0798,1.830366587,1.962401767,1.817814608,36.22,1.2863032817840576
400,0.08,1.829012222,1.962073583,1.811591372,36.6,1.2896771430969238
401,0.0802,1.829796066,1.958599796,1.819125325,38.66,1.2672929763793945
402,0.0804,1.831404345,1.964466678,1.817439672,37.37,1.286469578742981
403,0.0806,1.833709789,1.965810465,1.819715993,31.35,1.2802211046218872
404,0.0808,1.831019206,1.953598544,1.823751449,39.83,1.2316943407058716
405,0.081,1.83291558,1.963265975,1.818313172,35.28,1.268567681312561
406,0.0812,1.834536671,1.979733363,1.849148597,39.12,1.3372122049331665
407,0.0814,1.834480089,1.960406573,1.823525753,33.27,1.2437878847122192
408,0.0816,1.833681472,1.951171586,1.833200194,34.4,1.199929118156433
409,0.0818,1.835449786,1.960380664,1.831290024,38.02,1.2358286380767822
410,0.082,1.836276802,1.963085029,1.828988709,31.53,1.2435601949691772
411,0.0822,1.836998752,1.964326799,1.830835702,33.68,1.2445894479751587
412,0.0824,1.838648973,1.976699666,1.816943225,39.31,1.2943618297576904
413,0.0826,1.838812979,1.972781837,1.824188112,34.76,1.2735379934310913
414,0.0828,1.838616781,1.955862953,1.840669441,36.65,1.189965009689331
415,0.083,1.83987638,1.963236172,1.82149603,37.48,1.2191237211227417
416,0.0832,1.839516747,1.968573952,1.837974615,39.76,1.2454590797424316
417,0.0834,1.841342368,1.960779672,1.834787398,30.55,1.196704626083374
418,0.0836,1.840743466,1.952598427,1.842634392,35.28,1.1567100286483765
419,0.0838,1.841967081,1.959186642,1.82931708,34.77,1.1827093362808228
420,0.084,1.842645759,1.96574828,1.826942265,39.17,1.2105809450149536
421,0.0842,1.843127377,1.972523159,1.829661449,36.92,1.2396639585494995
422,0.0844,1.843772768,1.967693383,1.834006191,38.75,1.2117152214050293
423,0.0846,1.843724092,1.964529794,1.837517712,35.02,1.1949741840362549
424,0.0848,1.846867943,1.977102972,1.828366822,32.83,1.2392702102661133
425,0.085,1.846732014,1.983893163,1.823049143,37.11,1.2702994346618652
426,0.0852,1.845613011,1.963819778,1.837496584,37.04,1.177880883216858
427,0.0854,1.846091818,1.970262002,1.827924637,36.64,1.2058123350143433
428,0.0856,1.848038735,1.974936732,1.847788887,35.8,1.2175602912902832
429,0.0858,1.848389639,1.969339345,1.830936752,37.81,1.1872954368591309
430,0.086,1.847334826,1.959699636,1.85116335,36.46,1.1430518627166748
431,0.0862,1.850136512,1.967312993,1.854259644,30.75,1.1659141778945923
432,0.0864,1.848536999,1.963071385,1.843605647,38.6,1.1513597965240479
433,0.0866,1.848606401,1.963114625,1.839499111,37.68,1.1498981714248657
434,0.0868,1.850871151,1.967967484,1.835290055,38.86,1.1614800691604614
435,0.087,1.849659163,1.971948641,1.848542639,40.54,1.1855909824371338
436,0.0872,1.851327892,1.96794764,1.8515556,31.61,1.1564525365829468
437,0.0874,1.851267225,1.986761924,1.822770991,37.03,1.2451034784317017
438,0.0876,1.852773806,1.971977289,1.836876287,37.08,1.166520595550537
439,0.0878,1.85224113,1.965507418,1.847708888,37.64,1.13580322265625
440,0.088,1.853628488,1.962853235,1.855311508,37.54,1.1140872240066528
441,0.0882,1.853880654,1.96161865,1.849389197,35.02,1.1052236557006836
442,0.0884,1.853458192,1.968348302,1.842036532,32.34,1.1400271654129028
443,0.0886,1.855115835,1.964295961,1.853404738,42.06,1.110081672668457
444,0.0888,1.855825803,1.974613797,1.869485011,37.35,1.1565909385681152
445,0.089,1.855978521,1.968488,1.852376868,32.47,1.1243449449539185
446,0.0892,1.855527734,1.979336782,1.839038357,34.14,1.1781314611434937
447,0.0894,1.857599411,1.972366772,1.844782816,38.24,1.1330275535583496
448,0.0896,1.857579897,1.968157381,1.851150569,38.18,1.1109111309051514
449,0.0898,1.85850196,1.963205892,1.856649229,37.87,1.079800009727478
450,0.09,1.860287719,1.9807586,1.838808887,39.3,1.15696382522583
451,0.0902,1.859207895,1.973552699,1.851379589,38.67,1.1259132623672485
452,0.0904,1.858676946,1.963617284,1.857829064,39.37,1.0774248838424683
453,0.0906,1.862482434,1.975785949,1.844128944,37.26,1.1182981729507446
454,0.0908,1.86052842,1.972432911,1.861040583,37.19,1.1101479530334473
455,0.091,1.860594215,1.970559397,1.854936992,29.07,1.0992764234542847
456,0.0912,1.861787722,1.967342483,1.851015058,34.15,1.0758246183395386
457,0.0914,1.862762168,1.962288791,1.869487987,35.96,1.043509840965271
458,0.0916,1.862722483,1.967471514,1.869596448,30.08,1.0693682432174683
459,0.0918,1.861856909,1.974433624,1.845133183,36.03,1.1073960065841675
460,0.092,1.86313645,1.978572399,1.845425054,32.39,1.120151162147522
461,0.0922,1.864043755,1.990017834,1.861736904,34.48,1.1688940525054932
462,0.0924,1.865080958,1.979584162,1.85774039,34.58,1.1131991147994995
463,0.0926,1.865237652,1.976446264,1.852601114,37.17,1.0958818197250366
464,0.0928,1.86499218,1.966177316,1.863440754,32.61,1.0442017316818237
465,0.093,1.865253351,1.965166249,1.865113094,32.06,1.0364999771118164
466,0.0932,1.865119198,1.975539372,1.858105545,37.27,1.0884695053100586
467,0.0934,1.86624321,1.986781437,1.855079949,34.85,1.1360278129577637
468,0.0936,1.867790435,1.981186906,1.845315269,36.51,1.1006819009780884
469,0.0938,1.867649557,1.97805962,1.880419087,36.4,1.0849329233169556
470,0.094,1.869632423,1.976033876,1.864039993,31.6,1.0639221668243408
471,0.0942,1.868395433,1.975478225,1.883647163,32.34,1.0661895275115967
472,0.0944,1.868637612,1.96982037,1.874851267,34.25,1.0353024005889893
473,0.0946,1.871196435,1.970368493,1.87590312,36.61,1.0238800048828125
474,0.0948,1.868634156,1.982886943,1.86259765,36.67,1.0978151559829712
475,0.095,1.869947782,1.978259446,1.861176901,39.09,1.0677653551101685
476,0.0952,1.870793678,1.969578162,1.865716648,36.24,1.018652081489563
477,0.0954,1.870086045,1.97365422,1.860214211,36.65,1.0419310331344604
478,0.0956,1.871533015,1.980070901,1.855186458,33.43,1.0655202865600586
479,0.0958,1.871441654,1.972672817,1.90061363,31.25,1.0279556512832642
480,0.096,1.87151129,1.963374411,1.881654676,35.4,0.9782165288925171
481,0.0962,1.871980146,1.969260918,1.877686861,32.93,1.0056016445159912
482,0.0964,1.871791347,1.975329556,1.867124499,37.06,1.0363627672195435
483,0.0966,1.871717987,1.980604045,1.861981105,36.78,1.0616896152496338
484,0.0968,1.873680433,1.986820042,1.865779343,37.31,1.0811094045639038
485,0.097,1.872553259,1.986842441,1.858193748,33.18,1.0854672193527222
486,0.0972,1.873325252,1.983355279,1.88010106,33.99,1.0639530420303345
487,0.0974,1.873980469,1.98841505,1.859914721,29.71,1.0839248895645142
488,0.0976,1.875421216,1.978136479,1.874759613,31.06,1.0258705615997314
489,0.0978,1.876075443,1.981917616,1.864437761,37.9,1.0403032302856445
490,0.098,1.875637826,1.975199766,1.879741846,36.58,1.0079375505447388
491,0.0982,1.875262749,1.970083669,1.872360964,38.28,0.9826443195343018
492,0.0984,1.876089059,1.969026589,1.876813598,38.44,0.9718472361564636
493,0.0986,1.875558129,1.971019061,1.868606924,32.14,0.9839531183242798
494,0.0988,1.877189542,1.985229746,1.857400591,37.57,1.0457171201705933
495,0.099,1.87736323,1.984081023,1.86173145,34.63,1.0382472276687622
496,0.0992,1.877902432,1.992097433,1.863230403,33.06,1.0729209184646606
497,0.0994,1.877746692,1.984417569,1.861027888,35.8,1.0359283685684204
498,0.0996,1.878758147,1.980106874,1.874927235,35.58,1.0087405443191528
499,0.0998,1.879642761,1.978508774,1.874113716,31.58,0.9953097701072693
500,0.1,1.879212108,1.980406716,1.870894058,37.04,1.0059553384780884
501,0.1002,1.879399897,1.980991116,1.871746407,34.0,1.0069183111190796
502,0.1004,1.880167693,1.99252958,1.866783333,31.46,1.0578951835632324
503,0.1006,1.881413211,1.987768773,1.865448559,34.61,1.0282082557678223
504,0.1008,1.881398131,1.987356066,1.880037947,36.33,1.0252659320831299
505,0.101,1.881261793,1.973861196,1.879144587,34.96,0.957510232925415
506,0.1012,1.881118354,1.9981742,1.875608102,33.09,1.07548987865448
507,0.1014,1.880355732,1.974507234,1.883929471,35.11,0.9635952711105347
508,0.1016,1.882445158,1.991929125,1.869451624,37.71,1.0380741357803345
509,0.1018,1.881853324,1.974197162,1.886651325,24.92,0.9524234533309937
510,0.102,1.88244889,1.973237601,1.889239034,31.17,0.9434433579444885
511,0.1022,1.883340251,1.984138051,1.875146643,39.53,0.9931162595748901
512,0.1024,1.883269263,1.969495844,1.894320877,29.53,0.9176363348960876
513,0.1026,1.883691965,1.985746866,1.874755017,37.99,0.9973400235176086
514,0.1028,1.886692013,1.986572927,1.87092457,32.08,0.9856998324394226
515,0.103,1.883877689,1.985786334,1.872846041,36.47,0.994688093662262
516,0.1032,1.885014678,1.987135936,1.880130912,34.96,0.9947597980499268
517,0.1034,1.885057439,1.979892187,1.873918325,41.11,0.957686722278595
518,0.1036,1.886959913,1.992917643,1.876185312,31.6,1.0113149881362915
519,0.1038,1.88727267,1.980957073,1.878380517,31.6,0.9500249028205872
520,0.104,1.886144176,1.984072835,1.883265275,30.38,0.9703719615936279
521,0.1042,1.885933729,1.986677653,1.907773565,33.94,0.9832763671875
522,0.1044,1.889129003,1.982172436,1.878504458,33.58,0.944044828414917
523,0.1046,1.887926162,1.997807817,1.869924414,36.49,1.0249359607696533
524,0.1048,1.888121311,1.977106809,1.892421088,33.04,0.921465277671814
525,0.105,1.886735023,1.99516187,1.886898106,31.68,1.016187310218811
526,0.1052,1.8871866,1.986799515,1.905464065,28.45,0.9730831980705261
527,0.1054,1.888275286,1.995374631,1.884502988,28.89,1.0080291032791138
528,0.1056,1.888787304,1.980651978,1.88973629,28.28,0.9327007532119751
529,0.1058,1.889348124,1.981459406,1.89682337,27.75,0.933068573474884
530,0.106,1.890344916,1.988153686,1.880456825,32.21,0.960585355758667
531,0.1062,1.890461334,1.989323899,1.874944326,34.18,0.9648363590240479
532,0.1064,1.890136064,1.975840189,1.895704202,33.23,0.897490918636322
533,0.1066,1.889492429,1.984458597,1.8828796,37.15,0.9438561797142029
534,0.1068,1.890470442,1.991795652,1.884378463,34.41,0.9740317463874817
535,0.107,1.891717411,1.995030847,1.879305258,34.71,0.9826220870018005
536,0.1072,1.890850178,1.983921832,1.88661818,30.51,0.9317755699157715
537,0.1074,1.892581652,2.007314051,1.865400979,36.3,1.0335724353790283
538,0.1076,1.891204022,1.986450698,1.880825217,38.02,0.9408465027809143
539,0.1078,1.891748708,1.986068201,1.890950004,29.12,0.9353870749473572
540,0.108,1.892502,1.979490454,1.898960298,37.52,0.8974679708480835
541,0.1082,1.891577927,1.987090255,1.883800866,29.18,0.939541757106781
542,0.1084,1.894483026,1.983711024,1.894231508,37.73,0.9072687029838562
543,0.1086,1.893985385,1.982461165,1.890982244,34.91,0.9026040434837341
544,0.1088,1.894417043,1.97785992,1.906331217,30.74,0.8757500648498535
545,0.109,1.893655472,1.99504256,1.88550408,31.6,0.9644463658332825
546,0.1092,1.894497815,1.993225294,1.87460888,32.71,0.9508405923843384
547,0.1094,1.894316576,1.981740162,1.891172373,30.5,0.893934428691864
548,0.1096,1.894089816,1.992843672,1.891725593,33.86,0.9492306709289551
549,0.1098,1.896458156,1.984231736,1.904891678,21.33,0.8940889835357666
550,0.11,1.895485938,1.982811144,1.890052631,35.94,0.8909912705421448
551,0.1102,1.896810968,1.988968432,1.894237653,36.66,0.9144805073738098
552,0.1104,1.894910242,1.994939225,1.902075966,33.82,0.9518716335296631
553,0.1106,1.895626136,1.98786498,1.887071751,31.45,0.9132283329963684
554,0.1108,1.895563725,1.978134716,1.922407973,36.7,0.8632645010948181
555,0.111,1.896746898,1.991175011,1.891880749,32.81,0.9223360419273376
556,0.1112,1.898547181,1.991343424,1.886491111,36.37,0.913508951663971
557,0.1114,1.8973687,1.996586709,1.892425138,32.9,0.9437406659126282
558,0.1116,1.897359089,1.986052608,1.914216001,28.23,0.8914846181869507
559,0.1118,1.89696525,1.990750042,1.883488909,31.04,0.9158941507339478
560,0.112,1.89744143,1.986171157,1.891405604,32.69,0.8900728821754456
561,0.1122,1.898495391,1.991054578,1.890890057,33.97,0.9082666039466858
562,0.1124,1.898169896,1.991961159,1.89103998,32.8,0.913477897644043
563,0.1126,1.898406725,1.986090727,1.898221164,28.99,0.8824517130851746
564,0.1128,1.898741608,1.999559494,1.893777153,37.94,0.9453970789909363
565,0.113,1.898308418,1.992122118,1.897305431,38.1,0.9111584424972534
566,0.1132,1.900951681,1.993327541,1.888386093,35.47,0.9033499360084534
567,0.1134,1.900016206,1.999841852,1.907644483,30.13,0.9382413029670715
568,0.1136,1.899909363,1.996983177,1.893698682,28.61,0.9244042038917542
569,0.1138,1.8994845,1.994678429,1.893183867,35.05,0.9146048426628113
570,0.114,1.900611509,1.990470102,1.898047755,37.04,0.887825071811676
571,0.1142,1.901426327,1.9917494,1.895351522,32.02,0.889336884021759
572,0.1144,1.900924147,1.99636351,1.890996764,38.33,0.9133784770965576
573,0.1146,1.903562075,1.99660564,1.910375982,31.61,0.9010540843009949
574,0.1148,1.901476591,1.997991487,1.88565953,31.35,0.9169089794158936
575,0.115,1.902906516,2.000279156,1.891364312,35.85,0.920173168182373
576,0.1152,1.902175148,2.000162284,1.89411595,31.3,0.9222704172134399
577,0.1154,1.90216688,1.999744698,1.89437979,31.73,0.9195442795753479
578,0.1156,1.901583142,1.990345235,1.90338872,31.57,0.8762637972831726
579,0.1158,1.902376013,1.989301931,1.899028313,29.98,0.8664038181304932
580,0.116,1.903344553,2.001314505,1.901602673,30.64,0.9190041422843933
581,0.1162,1.903023757,1.984363464,1.92604506,28.2,0.8366585373878479
582,0.1164,1.90537178,2.004422894,1.902031979,31.37,0.9224720001220703
583,0.1166,1.903870278,1.984912191,1.904858081,33.43,0.8336918950080872
584,0.1168,1.903694964,1.995805063,1.898341103,31.37,0.8880392909049988
585,0.117,1.904661728,1.987632664,1.91417308,33.19,0.8421124219894409
586,0.1172,1.905464278,1.994269955,1.914679307,32.27,0.8704755306243896
587,0.1174,1.905506035,1.986517017,1.911416017,32.56,0.830687940120697
588,0.1176,1.90531293,1.999844568,1.884096889,35.94,0.8965715169906616
589,0.1178,1.906024328,1.995213852,1.895270796,35.56,0.8701303005218506
590,0.118,1.907083086,1.995582341,1.900444754,34.25,0.8660217523574829
591,0.1182,1.906310011,2.002732486,1.886070204,29.18,0.9031926393508911
592,0.1184,1.906400682,2.004367421,1.890042505,39.59,0.9096273183822632
593,0.1186,1.906255208,2.004058202,1.893489453,28.8,0.9081001877784729
594,0.1188,1.906688693,2.001323355,1.895276726,35.29,0.8925178647041321
595,0.119,1.907914781,1.995794373,1.901330938,27.65,0.859350860118866
596,0.1192,1.908144536,2.002706099,1.891040387,39.06,0.890674889087677
597,0.1194,1.907831965,2.004608009,1.909908838,28.08,0.9002886414527893
598,0.1196,1.908340773,1.996333788,1.90373326,29.43,0.8577456474304199
599,0.1198,1.909019902,1.999475499,1.909765658,29.65,0.8689390420913696
600,0.12,1.908116303,2.012150558,1.894197914,37.74,0.9311026334762573
601,0.1202,1.909406106,2.001975228,1.896061903,30.33,0.8775681257247925
602,0.1204,1.908927167,2.009892624,1.889400837,32.04,0.9157420992851257
603,0.1206,1.908636965,1.989281105,1.915151103,35.66,0.8177353143692017
604,0.1208,1.910455482,2.000673999,1.899715778,28.03,0.864200234413147
605,0.121,1.910319242,2.001638657,1.902188044,30.02,0.8687381148338318
606,0.1212,1.909784127,1.996416002,1.897634064,37.85,0.8454492688179016
607,0.1214,1.910185004,1.995164865,1.91509566,32.69,0.8366593718528748
608,0.1216,1.90985806,2.00201575,1.893088252,35.91,0.8705605864524841
609,0.1218,1.909840926,1.97808418,1.923953673,22.94,0.7485248446464539
610,0.122,1.91104714,2.003044965,1.903424746,32.45,0.8683781027793884
611,0.1222,1.910033727,2.008288313,1.890837581,36.3,0.8966869115829468
612,0.1224,1.912304615,1.996766998,1.907551576,37.33,0.830693781375885
613,0.1226,1.910645279,1.999626274,1.903023705,36.34,0.8519289493560791
614,0.1228,1.910103773,2.000126469,1.896089211,30.83,0.8562031984329224
615,0.123,1.912628178,2.000839252,1.909815333,29.63,0.8468548655509949
616,0.1232,1.912772827,2.001266343,1.900329411,30.75,0.8475207686424255
617,0.1234,1.912729573,1.992226754,1.910651904,34.21,0.8026353716850281
618,0.1236,1.91197642,1.999241899,1.903416561,32.78,0.8402567505836487
619,0.1238,1.91164256,2.007514689,1.896320018,30.41,0.8800064921379089
620,0.124,1.913729115,2.012640765,1.914229179,32.86,0.8931263089179993
621,0.1242,1.912688979,1.994379206,1.905976686,29.0,0.8110063672065735
622,0.1244,1.913046534,1.997930783,1.902529559,33.75,0.8260443806648254
623,0.1246,1.912872775,1.995569883,1.90988475,35.81,0.8146782517433167
624,0.1248,1.914967989,1.995112384,1.913683455,31.66,0.801362931728363
625,0.125,1.914041952,2.002807759,1.906936717,36.74,0.8426900506019592
626,0.1252,1.914357694,1.997973315,1.912126884,24.94,0.8172248005867004
627,0.1254,1.915635018,1.984345574,1.925121777,29.22,0.7402236461639404
628,0.1256,1.914188942,1.99733993,1.905995011,36.71,0.8136523365974426
629,0.1258,1.91596241,2.015150815,1.92303413,34.08,0.8879533410072327
630,0.126,1.915087105,1.992786926,1.912951092,30.49,0.7852803468704224
631,0.1262,1.915537844,2.004067829,1.910842234,35.36,0.8375592827796936
632,0.1264,1.916844909,2.000213786,1.904337091,41.4,0.8121353983879089
633,0.1266,1.915065713,1.995352238,1.92156113,29.9,0.7963509559631348
634,0.1268,1.916439026,1.99601604,1.914957318,33.72,0.7921988368034363
635,0.127,1.916593557,1.996441541,1.911144038,33.82,0.7929213643074036
636,0.1272,1.915793987,2.005571398,1.941405923,27.51,0.8401173949241638
637,0.1274,1.917098339,2.006660586,1.90157472,36.51,0.8384512066841125
638,0.1276,1.916375548,2.005383224,1.908971545,33.55,0.8351960182189941
639,0.1278,1.917745452,1.996943845,1.916126235,31.15,0.7872139811515808
640,0.128,1.916897571,2.003817325,1.916064199,31.15,0.8240513205528259
641,0.1282,1.917328376,2.005509394,1.914240284,32.38,0.829360842704773
642,0.1284,1.91730129,2.009406895,1.905253109,33.99,0.8469553589820862
643,0.1286,1.91808616,1.997182306,1.921542357,27.88,0.784254789352417
644,0.1288,1.919714174,2.009290699,1.92261391,29.2,0.8339483737945557
645,0.129,1.919203016,2.002462398,1.917483809,24.57,0.8033813238143921
646,0.1292,1.918212539,2.006715548,1.901919237,34.62,0.8276519775390625
647,0.1294,1.920721898,1.993897778,1.918598313,29.73,0.7519983053207397
648,0.1296,1.919306582,2.016289184,1.902929084,38.32,0.8650563955307007
649,0.1298,1.919841743,1.994042133,1.92624691,35.31,0.7560765147209167
650,0.13,1.919085595,1.99155559,1.919148539,30.02,0.7466334104537964
651,0.1302,1.920299293,2.003764194,1.908326989,32.82,0.8006569147109985
652,0.1304,1.921608928,1.998437525,1.915021009,29.04,0.7675782442092896
653,0.1306,1.919043603,1.98862678,1.93707049,29.51,0.7299288511276245
654,0.1308,1.920204365,1.997463555,1.920192268,34.92,0.7685483694076538
655,0.131,1.920130274,2.010237757,1.910053224,29.69,0.829363226890564
656,0.1312,1.920067686,2.002174196,1.914224458,30.98,0.7910826802253723
657,0.1314,1.922312486,2.010428253,1.905703282,26.99,0.8188967108726501
658,0.1316,1.921531274,1.997624227,1.922520938,39.18,0.7604037523269653
659,0.1318,1.921411526,1.999437645,1.918449416,29.71,0.769417941570282
660,0.132,1.922995749,2.017210254,1.901377645,33.6,0.8448350429534912
661,0.1322,1.921659947,2.012892154,1.905694066,37.8,0.8307271003723145
662,0.1324,1.921563914,2.015989263,1.915456836,36.12,0.8445011973381042
663,0.1326,1.921691081,1.998637079,1.927154063,35.03,0.7617654204368591
664,0.1328,1.921818031,2.004923545,1.912645701,28.17,0.7910717725753784
665,0.133,1.923514567,2.000357572,1.92311692,32.82,0.7601098418235779
666,0.1332,1.922122278,1.997512627,1.931166053,22.28,0.7523254752159119
667,0.1334,1.922238419,1.999788032,1.922113757,30.02,0.7624509334564209
668,0.1336,1.922626276,2.002796121,1.916688284,31.92,0.7746442556381226
669,0.1338,1.923442038,2.005213497,1.9112401,35.19,0.7817589044570923
670,0.134,1.922662664,2.004174676,1.914962722,34.57,0.7799350023269653
671,0.1342,1.924084211,2.013476442,1.907438804,37.79,0.8161569237709045
672,0.1344,1.92430872,1.995472271,1.927743493,39.17,0.7276611328125
673,0.1346,1.923473213,2.011187984,1.913862047,28.2,0.8072607517242432
674,0.1348,1.923666144,2.007051457,1.919699051,29.52,0.7865020632743835
675,0.135,1.92463414,2.009794483,1.926022607,26.97,0.7942401170730591
676,0.1352,1.924387473,1.996979276,1.923078693,38.02,0.7327494025230408
677,0.1354,1.925290578,2.012076196,1.913194621,35.45,0.8005980849266052
678,0.1356,1.924487692,2.000155001,1.924700945,33.23,0.747006356716156
679,0.1358,1.92522837,1.999563315,1.918392039,37.73,0.7398549914360046
680,0.136,1.926189325,2.007153062,1.919919191,28.57,0.7715708613395691
681,0.1362,1.925577613,2.012244478,1.909400507,31.0,0.7976970076560974
682,0.1364,1.92577486,2.00843718,1.914604833,28.18,0.7784785032272339
683,0.1366,1.925771305,2.010560244,1.91714745,28.76,0.7878512740135193
684,0.1368,1.926182126,2.003843295,1.920781125,34.59,0.75345778465271
685,0.137,1.927356501,2.003082327,1.921132879,28.77,0.7434669733047485
686,0.1372,1.925978386,2.015225824,1.923041348,33.82,0.8065305948257446
687,0.1374,1.926398717,2.007057825,1.920061406,30.63,0.7661844491958618
688,0.1376,1.927827687,2.002034714,1.92512976,30.8,0.7343672513961792
689,0.1378,1.926620214,2.000466716,1.917931948,34.01,0.7320493459701538
690,0.138,1.92665456,2.001091609,1.919046366,34.9,0.7344378232955933
691,0.1382,1.928023349,2.005283007,1.918188927,33.78,0.7476913928985596
692,0.1384,1.927980305,2.018572114,1.921713388,38.54,0.8090519905090332
693,0.1386,1.926751533,1.99968861,1.934287878,36.39,0.7254250645637512
694,0.1388,1.926810024,2.005605406,1.92016455,25.22,0.7534521222114563
695,0.139,1.927506626,1.999822084,1.932068775,36.2,0.7212870717048645
696,0.1392,1.928389163,2.002149892,1.920934708,36.35,0.7279356718063354
697,0.1394,1.928646139,2.007621674,1.926527643,32.49,0.7526878118515015
698,0.1396,1.9279454,2.005440367,1.939994527,33.42,0.7450647950172424
699,0.1398,1.928085653,2.011152915,1.931039114,28.53,0.7708349227905273
700,0.14,1.928606453,1.996112041,1.943942085,36.85,0.6943938136100769
701,0.1402,1.929843212,2.005350248,1.935029779,22.14,0.7338709235191345
702,0.1404,1.930464558,2.007265541,1.947416974,25.4,0.7396050691604614
703,0.1406,1.928902059,2.0078974,1.930720222,30.05,0.7495628595352173
704,0.1408,1.929192327,2.008278745,1.937850074,32.98,0.7494620084762573
705,0.141,1.929347392,2.009849279,1.925774473,28.73,0.7556026577949524
706,0.1412,1.930031348,2.008551617,1.924479403,32.14,0.7457161545753479
707,0.1414,1.930419793,2.009850517,1.923387986,29.29,0.7494964003562927
708,0.1416,1.929921054,2.019302623,1.923226932,25.72,0.7944971919059753
709,0.1418,1.931374226,2.001275135,1.931779701,27.16,0.7021070122718811
710,0.142,1.929730706,2.016923017,1.912590312,35.54,0.783600926399231
711,0.1422,1.931438308,2.013000125,1.913872234,36.33,0.7573447823524475
712,0.1424,1.931185985,2.006251539,1.925783032,35.89,0.7260480523109436
713,0.1426,1.931606338,2.000315508,1.92981224,29.86,0.6941408514976501
714,0.1428,1.931104523,2.010670319,1.928556665,31.1,0.7464472055435181
715,0.143,1.932732871,2.011641006,1.92408812,37.99,0.7428358793258667
716,0.1432,1.933295389,2.016522282,1.913843156,37.21,0.7623603940010071
717,0.1434,1.931337381,2.00658977,1.934511149,27.53,
718,0.1436,1.932234281,2.007857097,1.924377256,28.98,
719,0.1438,1.930937293,2.001568476,1.928884393,36.86,
720,0.144,1.933077636,2.005046591,1.931590657,33.08,
721,0.1442,1.93235461,2.002498906,1.925974696,28.26,
722,0.1444,1.934164178,2.025490368,1.918645662,33.27,
723,0.1446,1.93320806,2.007123858,1.929139921,38.42,
724,0.1448,1.934092891,2.020783407,1.914759733,31.05,
725,0.145,1.934294907,2.017979512,1.926078058,27.86,
726,0.1452,1.934408713,2.011244825,1.922010016,36.39,
727,0.1454,1.932793884,2.027888359,1.912559656,33.74,
728,0.1456,1.934507277,2.016157816,1.922455,30.34,
729,0.1458,1.935045573,2.015089194,1.930995672,33.48,
730,0.146,1.935176696,2.01369978,1.92400038,34.03,
731,0.1462,1.933032608,2.012174449,1.944193258,29.09,
732,0.1464,1.934557874,2.013611399,1.935295425,29.6,
733,0.1466,1.93466532,2.017764928,1.929409388,27.53,
734,0.1468,1.934014779,1.999389231,1.937733542,34.87,
735,0.147,1.933913756,1.99972923,1.93482818,34.58,
736,0.1472,1.935330171,2.013151327,1.928981344,23.78,
737,0.1474,1.935139028,2.006575575,1.945480967,23.01,
738,0.1476,1.935081033,2.005668902,1.937764771,27.39,
739,0.1478,1.935039272,2.005969634,1.939104376,29.96,
740,0.148,1.935975139,2.005666601,1.937498938,34.81,
741,0.1482,1.93708292,2.01806691,1.92097142,31.32,
742,0.1484,1.935935044,2.003997708,1.93144582,28.61,
743,0.1486,1.936219841,2.012766544,1.925134105,30.82,
744,0.1488,1.936516271,2.016295175,1.929780986,32.58,
745,0.149,1.936558659,2.014007217,1.929372806,32.11,
746,0.1492,1.936603547,2.019639442,1.920079404,28.68,
747,0.1494,1.937944677,2.010131896,1.932329867,35.01,
748,0.1496,1.937007704,2.025094977,1.919929447,28.47,
749,0.1498,1.937387874,2.009021746,1.931839949,31.03,
750,0.15,1.939376551,2.019748336,1.936886461,29.88,
751,0.1502,1.937692279,2.003491471,1.94275659,30.34,
752,0.1504,1.937637798,2.002634311,1.939800046,27.83,
753,0.1506,1.938118845,2.009378442,1.941384865,25.61,
754,0.1508,1.938721049,2.008501433,1.925213994,34.4,
755,0.151,1.939160498,2.02232565,1.91945342,28.47,
756,0.1512,1.938465478,2.015314824,1.937769109,36.75,
757,0.1514,1.938330923,2.012356452,1.955264853,28.41,
758,0.1516,1.938223958,2.012776375,1.947798365,31.48,
759,0.1518,1.93789407,2.018701227,1.932810277,37.11,
760,0.152,1.940193082,2.016363735,1.925964133,36.47,
761,0.1522,1.94001391,2.022237276,1.923382028,33.59,
762,0.1524,1.939106415,2.016444882,1.930247784,34.37,
763,0.1526,1.940120394,2.014406322,1.946483633,28.22,
764,0.1528,1.939603283,2.019063451,1.929894869,38.77,
765,0.153,1.939302278,2.004739901,1.935489201,35.51,
766,0.1532,1.941584855,2.027621979,1.934669256,29.85,
767,0.1534,1.939890619,2.017102921,1.928423049,31.9,
768,0.1536,1.93979992,2.019870357,1.940602426,25.22,
769,0.1538,1.939788591,1.995882309,1.959503203,31.15,
770,0.154,1.941946053,2.010554368,1.943380327,28.67,
771,0.1542,1.941660781,2.012824387,1.929476758,33.17,
772,0.1544,1.939644714,2.016977291,1.937780718,31.09,
773,0.1546,1.940913034,2.012973178,1.946959767,30.32,
774,0.1548,1.940663487,2.014117752,1.947883752,24.69,
775,0.155,1.941097703,2.003496055,1.948195627,21.83,
776,0.1552,1.941652031,2.020921392,1.928737717,39.27,
777,0.1554,1.941669849,2.028027408,1.917880051,32.92,
778,0.1556,1.94273202,2.011563224,1.936095431,37.86,
779,0.1558,1.943564199,2.015894033,1.934940951,30.28,
780,0.156,1.941625828,2.016434094,1.93207265,36.62,
781,0.1562,1.943347571,2.014734475,1.929965748,32.3,
782,0.1564,1.942165952,2.014824129,1.931374369,30.89,
783,0.1566,1.942467809,2.006045391,1.937912551,33.19,
784,0.1568,1.943915007,2.019108419,1.93632016,33.51,
785,0.157,1.943170987,2.012953136,1.937657857,31.11,
786,0.1572,1.943636791,2.009699538,1.943558813,35.67,
787,0.1574,1.944720736,2.010134361,1.944494688,34.68,
788,0.1576,1.943782565,2.031192786,1.919525945,35.82,
789,0.1578,1.94375842,2.014971034,1.93721881,24.3,
790,0.158,1.942842441,2.011431639,1.960124542,33.4,
791,0.1582,1.942579175,2.022281029,1.943387787,36.24,
792,0.1584,1.94405673,2.006567498,1.939102297,30.04,
793,0.1586,1.945075338,2.014398872,1.940331609,32.51,
794,0.1588,1.943881431,2.013576895,1.937010826,29.79,
795,0.159,1.943607008,2.024843172,1.925855018,32.02,
796,0.1592,1.944698406,2.016406872,1.933517431,29.05,
797,0.1594,1.944680531,2.03295318,1.924084482,34.48,
798,0.1596,1.94445464,2.012303762,1.954327419,28.45,
799,0.1598,1.945523062,2.012746362,1.940619649,28.53,
800,0.16,1.945205406,2.013191122,1.939648451,36.66,
801,0.1602,1.945533326,2.010057469,1.943340439,28.7,
802,0.1604,1.944537912,2.021932449,1.934544338,34.49,
803,0.1606,1.946147109,2.021305165,1.953100053,32.6,
804,0.1608,1.945551509,2.016924451,1.936729901,34.37,
805,0.161,1.945350749,2.024381625,1.931975439,32.05,
806,0.1612,1.945033434,2.011068764,1.953820778,23.44,
807,0.1614,1.94594385,2.018056061,1.937624215,33.57,
808,0.1616,1.947256963,2.019471121,1.936631003,33.55,
809,0.1618,1.945773607,2.019768147,1.936706226,32.17,
810,0.162,1.947618173,2.020706926,1.950042474,27.98,
811,0.1622,1.945928817,2.008522289,1.95527728,26.02,
812,0.1624,1.946725279,2.020349248,1.937573053,26.8,
813,0.1626,1.946970381,2.01920919,1.941883828,26.53,
814,0.1628,1.946447058,2.027986897,1.925832141,30.27,
815,0.163,1.946547375,2.020619589,1.933383659,36.85,
816,0.1632,1.947722706,2.016971683,1.943508354,35.58,
817,0.1634,1.94786592,2.029770515,1.935179101,39.9,
818,0.1636,1.949725319,2.01841582,1.976927366,24.86,
819,0.1638,1.947196141,2.020829702,1.951265704,35.88,
820,0.164,1.947551939,2.020201547,1.935854814,36.2,
821,0.1642,1.946703776,2.019473388,1.939262605,32.07,
822,0.1644,1.947390563,2.027699513,1.936347923,33.55,
823,0.1646,1.949014994,2.024438051,1.932919086,30.25,
824,0.1648,1.947510218,2.00926246,1.952402341,21.46,
825,0.165,1.948282375,2.015597068,1.945347869,33.15,
826,0.1652,1.948590504,2.025702369,1.946544147,28.27,
827,0.1654,1.948247002,2.021482467,1.936011014,33.5,
828,0.1656,1.948570567,2.020236462,1.946070106,34.45,
829,0.1658,1.949075421,2.010924962,1.959495361,30.12,
830,0.166,1.948794522,2.017624571,1.956140729,34.5,
831,0.1662,1.949140754,2.020756182,1.947583417,24.31,
832,0.1664,1.949582432,2.024041659,1.941595604,31.06,
833,0.1666,1.948955587,2.020671704,1.949572529,29.55,
834,0.1668,1.951508118,2.026411255,1.940538113,39.01,
835,0.167,1.95087866,2.023207094,1.938022497,30.11,
836,0.1672,1.950125619,2.02340087,1.932654693,37.64,
837,0.1674,1.949439075,2.027426505,1.937002044,29.91,
838,0.1676,1.949951487,2.022089436,1.963305757,33.09,
839,0.1678,1.950824038,2.018932033,1.945362008,37.31,
840,0.168,1.950540737,2.010421581,1.945847416,28.98,
841,0.1682,1.950167699,2.017344537,1.943909759,26.94,
842,0.1684,1.950312511,2.023409742,1.935492331,36.7,
843,0.1686,1.95095344,2.009178078,1.951417958,28.74,
844,0.1688,1.949746994,2.021931196,1.943155434,30.08,
845,0.169,1.950702953,2.015324273,1.947355686,33.78,
846,0.1692,1.952050705,2.02631806,1.941926703,36.86,
847,0.1694,1.95134563,2.016791908,1.96071379,28.02,
848,0.1696,1.95151541,2.02334095,1.969745101,32.15,
849,0.1698,1.951240495,2.015752056,1.945835191,34.48,
850,0.17,1.952600437,2.024540558,1.936745565,33.45,
851,0.1702,1.951093391,2.018145251,1.949844297,28.65,
852,0.1704,1.951979598,2.02326024,1.939359684,38.4,
853,0.1706,1.952184165,2.014159051,1.949507714,28.19,
854,0.1708,1.952587413,2.021052242,1.937286286,36.8,
855,0.171,1.953475796,2.031914638,1.945264615,34.32,
856,0.1712,1.952238791,2.022157014,1.948933846,24.78,
857,0.1714,1.953285825,2.016110109,1.954708385,24.75,
858,0.1716,1.953440354,2.014156433,1.954900659,37.37,
859,0.1718,1.952975225,2.016555936,1.967637917,25.46,
860,0.172,1.951979949,2.022689657,1.943751797,29.42,
861,0.1722,1.95292565,2.028168579,1.947643975,32.44,
862,0.1724,1.952796921,2.028665436,1.938089361,39.18,
863,0.1726,1.953013039,2.019447531,1.947643808,29.49,
864,0.1728,1.95286089,2.016143778,1.953373655,31.59,
865,0.173,1.953089187,2.014381157,1.95110296,27.12,
866,0.1732,1.953559397,2.02283036,1.94322207,29.24,
867,0.1734,1.953345662,2.017467478,1.949486831,30.13,
868,0.1736,1.954096587,2.018291995,1.950647725,37.24,
869,0.1738,1.95429065,2.019335677,1.953536945,31.51,
870,0.174,1.954856473,2.014901937,1.95155524,34.88,
871,0.1742,1.954822165,2.022163828,1.963270554,26.39,
872,0.1744,1.954132115,2.011840719,1.960085209,32.52,
873,0.1746,1.954121324,2.023237427,1.945522607,28.71,
874,0.1748,1.954733636,2.027805487,1.939915824,33.94,
875,0.175,1.955744977,2.017650626,1.945859677,36.63,
876,0.1752,1.954656174,2.024439267,1.949636691,35.1,
877,0.1754,1.95506317,2.02991498,1.946423654,34.71,
878,0.1756,1.955237187,2.021634107,1.955993761,30.1,
879,0.1758,1.955021307,2.016961419,1.960112699,31.03,
880,0.176,1.955714956,2.032169234,1.970916346,20.08,
881,0.1762,1.95498154,2.022075518,1.954791845,25.9,
882,0.1764,1.955282856,2.02692019,1.941986165,38.41,
883,0.1766,1.95578984,2.022840977,1.947131041,31.03,
884,0.1768,1.955505647,2.023032977,1.956224883,31.15,
885,0.177,1.955519296,2.023937387,1.947026406,30.8,
886,0.1772,1.956581525,2.022428866,1.949464008,24.78,
887,0.1774,1.957124056,2.015746705,1.967293333,25.02,
888,0.1776,1.955465208,2.023924765,1.954720004,30.45,
889,0.1778,1.956129816,2.03067011,1.980058374,28.89,
890,0.178,1.957716984,2.039980556,1.950212246,30.21,
891,0.1782,1.956560872,2.019382382,1.950649507,31.14,
892,0.1784,1.956469119,2.016434178,1.960745911,28.45,
893,0.1786,1.957657692,2.019281084,1.962134061,33.13,
894,0.1788,1.956502146,2.020739788,1.949348745,36.37,
895,0.179,1.957284089,2.017385854,1.957812782,30.0,
896,0.1792,1.957735051,2.034721005,1.950233376,29.79,
897,0.1794,1.958339596,2.04011528,1.96159641,30.51,
898,0.1796,1.958106388,2.026077791,1.955742194,33.9,
899,0.1798,1.957378864,2.022984641,1.951973556,35.53,
900,0.18,1.957711086,2.024062671,1.965049972,35.99,
901,0.1802,1.957818425,2.026953369,1.949672206,22.78,
902,0.1804,1.960014071,2.035806138,1.956940826,37.44,
903,0.1806,1.958983082,2.022981308,1.951067879,35.09,
904,0.1808,1.958165029,2.024786859,1.944585354,33.59,
905,0.181,1.959475467,2.024359054,1.953744929,32.06,
906,0.1812,1.958393099,2.028231898,1.965580066,25.79,
907,0.1814,1.958328292,2.026565596,1.957437098,30.45,
908,0.1816,1.959235416,2.025835284,1.951733295,30.21,
909,0.1818,1.960382781,2.024171351,1.950732079,30.94,
910,0.182,1.958268978,2.02029642,1.952207375,25.98,
911,0.1822,1.959835087,2.038667588,1.938626608,32.77,
912,0.1824,1.959154091,2.025889023,1.972423399,26.58,
913,0.1826,1.957768563,2.024690285,1.956936129,20.32,
914,0.1828,1.959688199,2.024205259,1.968233925,31.03,
915,0.183,1.959341144,2.026132868,1.953348816,23.12,
916,0.1832,1.959020304,2.023531699,1.951214828,33.42,
917,0.1834,1.959521566,2.032961208,1.949496312,34.83,
918,0.1836,1.959628187,2.020606656,1.955617375,39.82,
919,0.1838,1.958649011,2.023956943,1.964674568,26.71,
920,0.184,1.960301184,2.026390809,1.956227536,32.54,
921,0.1842,1.960816492,2.026603261,1.95572661,26.67,
922,0.1844,1.960514571,2.025829162,1.953508648,30.72,
923,0.1846,1.961295367,2.021392445,1.960479433,32.93,
924,0.1848,1.960639296,2.037212245,1.961753761,36.87,
925,0.185,1.961642557,2.034546527,1.96439087,33.68,
926,0.1852,1.960423214,2.03251512,1.962094223,26.85,
927,0.1854,1.960676783,2.020866609,1.961162685,24.18,
928,0.1856,1.961611163,2.024718842,1.964370894,30.35,
929,0.1858,1.960120938,2.025299126,1.984030348,29.34,
930,0.186,1.961261651,2.019878175,1.966255989,38.8,
931,0.1862,1.961213019,2.021357636,1.956243183,27.6,
932,0.1864,1.961912498,2.023123694,1.953870542,38.56,
933,0.1866,1.960448546,2.04315205,1.967127455,31.35,
934,0.1868,1.961597717,2.029936532,1.947797936,28.55,
935,0.187,1.962563308,2.026405938,1.951342754,26.41,
936,0.1872,1.962363158,2.024343853,1.961457871,30.18,
937,0.1874,1.960949691,2.022808828,1.947763926,32.62,
938,0.1876,1.960448325,2.026519905,1.951647118,33.13,
939,0.1878,1.961983023,2.021895903,1.951617517,28.05,
940,0.188,1.961441707,2.025503381,1.954906186,25.54,
941,0.1882,1.96138364,2.031294907,1.950489034,36.01,
942,0.1884,1.962545345,2.03081663,1.98662999,23.64,
943,0.1886,1.962273887,2.022598142,1.955432323,35.57,
944,0.1888,1.961716629,2.03113003,1.957118563,20.95,
945,0.189,1.961596164,2.037210129,1.950138795,28.25,
946,0.1892,1.963199883,2.0158217,1.965117351,36.25,
947,0.1894,1.962874524,2.026352341,1.956407602,36.4,
948,0.1896,1.963172354,2.036179619,1.96696999,29.22,
949,0.1898,1.963762469,2.028134301,1.960701637,30.36,
950,0.19,1.963571961,2.027994948,1.954522841,30.57,
951,0.1902,1.963445595,2.024278622,1.955777294,34.17,
952,0.1904,1.963287121,2.033230496,1.958587122,34.98,
953,0.1906,1.962605728,2.015764783,1.967649184,21.98,
954,0.1908,1.964023961,2.027118236,1.955173599,37.37,
955,0.191,1.964528738,2.02970405,1.95785745,27.81,
956,0.1912,1.963766893,2.025506745,1.962701485,31.6,
957,0.1914,1.964524897,2.025006153,1.963257774,28.43,
958,0.1916,1.963697187,2.019588827,1.966188107,29.47,
959,0.1918,1.964294087,2.031162043,1.952290033,27.39,
960,0.192,1.96392823,2.029530342,1.963025778,25.93,
961,0.1922,1.965543028,2.037518567,1.949285442,23.38,
962,0.1924,1.963796856,2.030504507,1.95282602,29.92,
963,0.1926,1.965209099,2.017335543,1.967854548,37.12,
964,0.1928,1.964516389,2.028260653,1.952236829,34.65,
965,0.193,1.964551674,2.024588989,1.959380619,31.42,
966,0.1932,1.965605236,2.026361794,1.961052508,25.53,
967,0.1934,1.965116122,2.031603528,1.960809238,29.15,
968,0.1936,1.964932899,2.027821469,1.949813692,33.66,
969,0.1938,1.96442811,2.036901336,1.974034227,22.8,
970,0.194,1.966049401,2.035550946,1.963590055,35.98,
971,0.1942,1.964822092,2.038503606,1.952397271,27.47,
972,0.1944,1.965615809,2.025443652,1.965980152,28.42,
973,0.1946,1.965064722,2.032345799,1.970375343,35.05,
974,0.1948,1.965415961,2.026341179,1.961198978,30.71,
975,0.195,1.965758571,2.028120109,1.955358248,33.31,
976,0.1952,1.965544454,2.030925775,1.955790259,36.62,
977,0.1954,1.966206646,2.033086994,1.958545929,34.18,
978,0.1956,1.966055216,2.018580794,1.963237052,31.92,
979,0.1958,1.965888534,2.027650519,1.964709518,33.05,
980,0.196,1.967259286,2.02687908,1.95594808,37.49,
981,0.1962,1.966971504,2.035966398,1.947315066,28.28,
982,0.1964,1.966072402,2.02051607,1.968056059,29.6,
983,0.1966,1.966787217,2.024889069,1.97043689,32.61,
984,0.1968,1.967923119,2.029557764,1.954151289,30.87,
985,0.197,1.966964421,2.029297809,1.966998335,27.82,
986,0.1972,1.966661249,2.028983921,1.972645375,23.83,
987,0.1974,1.968077742,2.021478861,1.963578183,26.95,
988,0.1976,1.966860466,2.025188781,1.963101243,33.29,
989,0.1978,1.96717235,2.027705504,1.97114341,32.67,
990,0.198,1.966478153,2.03382728,1.966431792,22.08,
991,0.1982,1.96789186,2.022579382,1.962922229,33.39,
992,0.1984,1.968332215,2.020057398,1.964603539,28.38,
993,0.1986,1.96741042,2.026604124,1.961328118,23.33,
994,0.1988,1.967587408,2.023144882,1.974061763,29.73,
995,0.199,1.968530873,2.030515503,1.956872571,33.66,
996,0.1992,1.967447119,2.021359703,1.966968316,22.39,
997,0.1994,1.967737871,2.026296845,1.965190237,28.08,
998,0.1996,1.968266572,2.025074515,1.96360039,24.75,
999,0.1998,1.9681911,2.027340022,1.959759182,32.67,
1000,0.2,1.96777326,2.030452139,1.968486457,27.75,
1001,0.2002,1.968084446,2.019787916,1.963610049,28.65,
1002,0.2004,1.969237406,2.026803574,1.964266795,25.36,
1003,0.2006,1.968231497,2.032789383,1.955394829,28.11,
1004,0.2008,1.968025691,2.027378963,1.968149195,26.46,
1005,0.201,1.967941204,2.023489475,1.967069173,33.29,
1006,0.2012,1.968288061,2.027532957,1.967061912,22.77,
1007,0.2014,1.968749382,2.034765315,1.956881209,28.32,
1008,0.2016,1.968566579,2.031688196,1.955800674,32.36,
1009,0.2018,1.968941372,2.025944604,1.979030546,24.71,
1010,0.202,1.969214205,2.034956454,1.959889177,33.04,
1011,0.2022,1.969695607,2.033863723,1.959772298,31.78,
1012,0.2024,1.969171959,2.026391579,1.975693608,29.7,
1013,0.2026,1.970036763,2.032996973,1.958084889,35.46,
1014,0.2028,1.96921646,2.041091907,1.961921405,29.36,
1015,0.203,1.9701922,2.028640825,1.968363918,35.05,
1016,0.2032,1.970061215,2.030306987,1.971766864,31.3,
1017,0.2034,1.969154977,2.02432858,1.962116774,24.42,
1018,0.2036,1.969914411,2.026776701,1.968909952,28.16,
1019,0.2038,1.970790331,2.039443182,1.973376979,30.27,
1020,0.204,1.969330467,2.0331636,1.96827211,26.01,
1021,0.2042,1.969481879,2.033948615,1.962278502,36.35,
1022,0.2044,1.970409475,2.030911218,1.961340464,35.28,
1023,0.2046,1.969722225,2.026758475,1.966675968,35.5,
1024,0.2048,1.969632947,2.020957624,1.975219486,28.23,
1025,0.205,1.970845341,2.037508761,1.952085673,27.75,
1026,0.2052,1.970719999,2.023750595,1.975329807,31.51,
1027,0.2054,1.971234737,2.022450057,1.971495765,31.18,
1028,0.2056,1.97110769,2.026482531,1.965778983,30.7,
1029,0.2058,1.971304174,2.029310642,1.96908245,35.03,
1030,0.206,1.971299753,2.03525455,1.975075293,33.74,
1031,0.2062,1.970823787,2.033345804,1.965507126,32.76,
1032,0.2064,1.970626877,2.030676134,1.958837161,28.22,
1033,0.2066,1.971667583,2.029533254,1.960012544,35.45,
1034,0.2068,1.97132733,2.032744549,1.966852114,29.78,
1035,0.207,1.971455638,2.036026,1.963004061,30.07,
1036,0.2072,1.972241726,2.034552004,1.963049312,32.55,
1037,0.2074,1.971447999,2.03009155,1.993175337,33.4,
1038,0.2076,1.972231574,2.040751734,1.95928984,32.31,
1039,0.2078,1.971078355,2.031111618,1.961137364,36.21,
1040,0.208,1.97140678,2.036485221,1.958493507,26.14,
1041,0.2082,1.972403618,2.023734923,1.970095993,31.61,
1042,0.2084,1.972860984,2.028036326,1.971296009,29.12,
1043,0.2086,1.97253423,2.024654104,1.977113068,26.94,
1044,0.2088,1.972020806,2.025175235,1.970380128,27.82,
1045,0.209,1.972986912,2.043124886,1.973403811,28.58,
1046,0.2092,1.973762302,2.034395362,1.962887137,27.65,
1047,0.2094,1.973133501,2.033468456,1.965398387,33.85,
1048,0.2096,1.971608357,2.033581882,1.963192556,23.22,
1049,0.2098,1.972335931,2.02436432,1.98726523,33.06,
1050,0.21,1.973803336,2.033666672,1.967468729,35.81,
1051,0.2102,1.972666667,2.030768785,1.973079575,22.61,
1052,0.2104,1.972972939,2.03338862,1.961628868,30.76,
1053,0.2106,1.97254955,2.027724,1.96345414,32.38,
1054,0.2108,1.972963277,2.027351213,1.962739643,35.24,
1055,0.211,1.973115959,2.02863048,1.983999167,27.52,
1056,0.2112,1.974304895,2.031338596,1.965530324,26.87,
1057,0.2114,1.973113812,2.031419014,1.973871658,24.25,
1058,0.2116,1.97302817,2.04112552,1.992203199,23.6,
1059,0.2118,1.973164848,2.029039998,1.975525664,33.84,
1060,0.212,1.975464439,2.039249277,1.965775074,33.13,
1061,0.2122,1.973970045,2.032316028,1.958640648,33.34,
1062,0.2124,1.973807623,2.047567748,1.966722327,32.37,
1063,0.2126,1.974696636,2.034035292,2.002711607,23.12,
1064,0.2128,1.973618626,2.034608443,1.968189965,30.38,
1065,0.213,1.974013831,2.030299362,1.969609262,28.59,
1066,0.2132,1.974054295,2.032021456,1.967828044,29.52,
1067,0.2134,1.973181503,2.044482667,1.968309084,37.73,
1068,0.2136,1.972831707,2.031210202,1.963653307,30.5,
1069,0.2138,1.974408517,2.040030025,1.960614632,28.88,
1070,0.214,1.974851619,2.035323915,1.968022224,21.48,
1071,0.2142,1.975104044,2.019778482,1.981314264,31.11,
1072,0.2144,1.975187942,2.03488726,1.972617175,24.19,
1073,0.2146,1.974964396,2.039610045,1.95823793,28.67,
1074,0.2148,1.975430004,2.029903874,1.967859832,31.25,
1075,0.215,1.975287741,2.027101638,1.973408486,24.1,
1076,0.2152,1.975251808,2.03779742,1.976396829,28.8,
1077,0.2154,1.974709598,2.033524037,1.9685685,20.78,
1078,0.2156,1.975482425,2.035949472,1.96653122,35.95,
1079,0.2158,1.975347255,2.036332853,1.967946772,27.96,
1080,0.216,1.974866195,2.028752683,1.970872745,35.36,
1081,0.2162,1.975905659,2.033888401,1.972936922,31.64,
1082,0.2164,1.976024772,2.034096358,1.984397018,23.83,
1083,0.2166,1.975219459,2.033232369,1.966712693,37.73,
1084,0.2168,1.976252819,2.032902393,1.966271336,35.74,
1085,0.217,1.97576146,2.038283481,1.966630492,31.18,
1086,0.2172,1.97526034,2.031843849,1.976798064,30.2,
1087,0.2174,1.974615686,2.03655381,1.96647308,33.41,
1088,0.2176,1.975374136,2.033346864,1.964110819,31.18,
1089,0.2178,1.976109154,2.03590696,1.961872738,32.27,
1090,0.218,1.975205803,2.044141415,1.95987887,31.0,
1091,0.2182,1.976190269,2.044737846,1.967543192,35.91,
1092,0.2184,1.97667911,2.041957186,1.9719457,33.63,
1093,0.2186,1.976133672,2.027270169,1.97565718,31.56,
1094,0.2188,1.976487131,2.03472568,1.979736486,30.81,
1095,0.219,1.975974988,2.038429037,1.964604404,34.14,
1096,0.2192,1.976864806,2.035824352,1.973719697,24.25,
1097,0.2194,1.975764132,2.034506454,1.967860975,34.7,
1098,0.2196,1.976678264,2.03201649,1.970488823,34.47,
1099,0.2198,1.976265705,2.036999114,1.962752117,33.35,
1100,0.22,1.976672358,2.036209063,1.966270841,29.15,
1101,0.2202,1.977602871,2.028154382,1.973843748,37.05,
1102,0.2204,1.977827909,2.031261899,1.9718367,27.02,
1103,0.2206,1.978109278,2.036101395,1.962024733,30.1,
1104,0.2208,1.977288501,2.037188946,1.962404178,32.76,
1105,0.221,1.977629552,2.039646561,1.968499122,28.98,
1106,0.2212,1.976969765,2.041600404,1.962392632,33.1,
1107,0.2214,1.977608814,2.038080601,1.967817771,30.65,
1108,0.2216,1.97749,2.046348437,1.964029661,25.82,
1109,0.2218,1.978405859,2.036765001,1.972436684,32.8,
1110,0.222,1.978254011,2.028973937,1.979776857,27.9,
1111,0.2222,1.976785779,2.032060039,1.991235924,29.9,
1112,0.2224,1.977784889,2.03887104,1.976271723,28.36,
1113,0.2226,1.977440694,2.032801249,1.972993126,29.82,
1114,0.2228,1.978218278,2.03476308,1.975465677,33.73,
1115,0.223,1.97840552,2.039375609,1.977138837,29.9,
1116,0.2232,1.978469962,2.033865754,1.969368626,29.95,
1117,0.2234,1.979225214,2.035745478,1.969544515,25.76,
